datetime,marketcap,priceBtc,priceUsd,volume
2018-01-01 00:00:00+00:00,74724233457.0,0.0572222,772.641,2595760000.0
2018-01-02 00:00:00+00:00,85552984076.0,0.0594041,884.444,5783350000.0
2018-01-03 00:00:00+00:00,93146829616.0,0.0636386,962.72,5093160000.0
2018-01-04 00:00:00+00:00,94924308782.0,0.0646273,980.922,6502860000.0
2018-01-05 00:00:00+00:00,96574936367.0,0.0587915,997.72,6683150000.0
2018-01-06 00:00:00+00:00,100852102738.0,0.0605093,1041.68,4662220000.0
2018-01-07 00:00:00+00:00,111670667774.0,0.0707128,1153.17,5569880000.0
2018-01-08 00:00:00+00:00,111244629093.0,0.0760565,1148.53,8450970000.0
2018-01-09 00:00:00+00:00,125917925182.0,0.0891125,1299.74,7965460000.0
2018-01-10 00:00:00+00:00,121689425203.0,0.0837304,1255.82,9214950000.0
2018-01-11 00:00:00+00:00,111937424560.0,0.0861464,1154.93,7235900000.0
2018-01-12 00:00:00+00:00,123426938666.0,0.0914023,1273.2,5222300000.0
2018-01-13 00:00:00+00:00,135400735921.0,0.0973007,1396.42,5746760000.0
2018-01-14 00:00:00+00:00,132554906162.0,0.0991195,1366.77,4841630000.0
2018-01-15 00:00:00+00:00,125319766536.0,0.0946589,1291.92,4781100000.0
2018-01-16 00:00:00+00:00,102231295311.0,0.0917818,1053.69,8405140000.0
2018-01-17 00:00:00+00:00,98429091487.0,0.0914044,1014.25,8545160000.0
2018-01-18 00:00:00+00:00,100588318055.0,0.0909287,1036.28,5938320000.0
2018-01-19 00:00:00+00:00,100883462786.0,0.0904358,1039.1,4084450000.0
2018-01-20 00:00:00+00:00,112174461241.0,0.0905167,1155.15,3975190000.0
2018-01-21 00:00:00+00:00,101943726022.0,0.0916548,1049.58,3378090000.0
2018-01-22 00:00:00+00:00,97465684890.0,0.0924058,1003.26,3810100000.0
2018-01-23 00:00:00+00:00,95831359552.0,0.0909305,986.229,3556700000.0
2018-01-24 00:00:00+00:00,102902843882.0,0.0943052,1058.78,3944040000.0
2018-01-25 00:00:00+00:00,102657059604.0,0.0943721,1056.03,4050190000.0
2018-01-26 00:00:00+00:00,102595008990.0,0.0947781,1055.17,3617690000.0
2018-01-27 00:00:00+00:00,107663911307.0,0.0974611,1107.07,3002870000.0
2018-01-28 00:00:00+00:00,121201618306.0,0.107313,1246.01,5372330000.0
2018-01-29 00:00:00+00:00,115034583683.0,0.105605,1182.36,3715080000.0
2018-01-30 00:00:00+00:00,104234481554.0,0.107101,1071.13,4107860000.0
2018-01-31 00:00:00+00:00,108848638400.0,0.110212,1118.31,3757560000.0
2018-02-01 00:00:00+00:00,100935354836.0,0.11393,1036.79,5261680000.0
2018-02-02 00:00:00+00:00,89173962073.0,0.103683,915.785,6713290000.0
2018-02-03 00:00:00+00:00,93890299032.0,0.104336,964.019,3243480000.0
2018-02-04 00:00:00+00:00,81310521832.0,0.100649,834.682,2997090000.0
2018-02-05 00:00:00+00:00,68005284182.0,0.100692,697.951,4269530000.0
2018-02-06 00:00:00+00:00,77294507867.0,0.101863,793.122,6518270000.0
2018-02-07 00:00:00+00:00,73796288508.0,0.0995421,757.068,3896180000.0
2018-02-08 00:00:00+00:00,79733609806.0,0.0993729,817.807,3708190000.0
2018-02-09 00:00:00+00:00,86191922699.0,0.101798,883.865,2495820000.0
2018-02-10 00:00:00+00:00,83922989197.0,0.100551,860.415,2930530000.0
2018-02-11 00:00:00+00:00,79476512346.0,0.101137,814.66,2486650000.0
2018-02-12 00:00:00+00:00,84767037716.0,0.0978121,868.707,2243450000.0
2018-02-13 00:00:00+00:00,82496189205.0,0.0990311,845.258,2081170000.0
2018-02-14 00:00:00+00:00,90157005929.0,0.0975266,923.561,2818370000.0
2018-02-15 00:00:00+00:00,91485862822.0,0.092461,936.976,2900100000.0
2018-02-16 00:00:00+00:00,92211437654.0,0.0926073,944.21,2369450000.0
2018-02-17 00:00:00+00:00,95151956513.0,0.0880786,974.115,2525720000.0
2018-02-18 00:00:00+00:00,90267805475.0,0.0885352,923.921,2567290000.0
2018-02-19 00:00:00+00:00,92235641556.0,0.0845657,943.865,2169020000.0
2018-02-20 00:00:00+00:00,87514997546.0,0.0797268,895.371,2545260000.0
2018-02-21 00:00:00+00:00,83095081059.0,0.0811267,849.971,2531730000.0
2018-02-22 00:00:00+00:00,79482140043.0,0.082488,812.845,2150370000.0
2018-02-23 00:00:00+00:00,84520567484.0,0.0850621,864.189,2334820000.0
2018-02-24 00:00:00+00:00,82222377927.0,0.0865553,840.515,1926580000.0
2018-02-25 00:00:00+00:00,82659602548.0,0.0882377,844.81,1646960000.0
2018-02-26 00:00:00+00:00,85074973200.0,0.0845478,869.315,2044480000.0
2018-02-27 00:00:00+00:00,85968788107.0,0.0822577,878.265,2053980000.0
2018-02-28 00:00:00+00:00,83728564148.0,0.0829502,855.199,1963980000.0
2018-03-01 00:00:00+00:00,85410827047.0,0.079786,872.2,1868520000.0
2018-03-02 00:00:00+00:00,83925690000.0,0.0776636,856.853,1894420000.0
2018-03-03 00:00:00+00:00,83979651072.0,0.0748042,857.225,1699370000.0
2018-03-04 00:00:00+00:00,84923240777.0,0.0753239,866.678,1697940000.0
2018-03-05 00:00:00+00:00,83667342991.0,0.0739943,853.684,1898490000.0
2018-03-06 00:00:00+00:00,80083929890.0,0.0761169,816.951,1943070000.0
2018-03-07 00:00:00+00:00,73813918307.0,0.0760081,752.831,2175420000.0
2018-03-08 00:00:00+00:00,69098851660.0,0.0753366,704.596,1891640000.0
2018-03-09 00:00:00+00:00,71498733753.0,0.0787534,728.916,2233020000.0
2018-03-10 00:00:00+00:00,67390487258.0,0.0780057,686.89,1532960000.0
2018-03-11 00:00:00+00:00,70981343638.0,0.0755485,723.339,1562680000.0
2018-03-12 00:00:00+00:00,68688764839.0,0.0765576,699.831,1765000000.0
2018-03-13 00:00:00+00:00,67819092120.0,0.0755161,690.827,1425960000.0
2018-03-14 00:00:00+00:00,60318025225.0,0.0748153,614.291,1810560000.0
2018-03-15 00:00:00+00:00,60037233577.0,0.0739607,611.304,1770460000.0
2018-03-16 00:00:00+00:00,59103031871.0,0.072597,601.666,1417350000.0
2018-03-17 00:00:00+00:00,54312035488.0,0.0699208,552.779,1267810000.0
2018-03-18 00:00:00+00:00,52934184182.0,0.065489,538.644,2685500000.0
2018-03-19 00:00:00+00:00,54722473140.0,0.0652814,556.726,2046790000.0
2018-03-20 00:00:00+00:00,54777982164.0,0.0626868,557.175,1833680000.0
2018-03-21 00:00:00+00:00,55237391316.0,0.0630325,561.732,1781270000.0
2018-03-22 00:00:00+00:00,53082150649.0,0.0620237,539.702,1523460000.0
2018-03-23 00:00:00+00:00,53084905905.0,0.0614323,539.619,1596350000.0
2018-03-24 00:00:00+00:00,51799123911.0,0.0610594,526.439,1300010000.0
2018-03-25 00:00:00+00:00,51598047955.0,0.0620726,524.287,1151170000.0
2018-03-26 00:00:00+00:00,48228842327.0,0.0598857,489.951,1638880000.0
2018-03-27 00:00:00+00:00,44316774117.0,0.0577918,450.116,1617940000.0
2018-03-28 00:00:00+00:00,43948072320.0,0.0562635,446.279,1514180000.0
2018-03-29 00:00:00+00:00,38016727208.0,0.0543508,385.968,1970230000.0
2018-03-30 00:00:00+00:00,38879465943.0,0.0577293,394.645,1878130000.0
2018-03-31 00:00:00+00:00,39066085341.0,0.0572089,396.457,1323920000.0
2018-04-01 00:00:00+00:00,37413407420.0,0.0558922,379.607,1256930000.0
2018-04-02 00:00:00+00:00,38093277842.0,0.0548574,386.425,1102260000.0
2018-04-03 00:00:00+00:00,41105280497.0,0.0561737,416.893,1363400000.0
2018-04-04 00:00:00+00:00,37528933631.0,0.0560534,380.543,1287730000.0
2018-04-05 00:00:00+00:00,37802008407.0,0.056266,383.232,1210680000.0
2018-04-06 00:00:00+00:00,36532478895.0,0.0559899,370.285,967106000.0
2018-04-07 00:00:00+00:00,38023057370.0,0.0558585,385.314,951475000.0
2018-04-08 00:00:00+00:00,39530560783.0,0.0571027,400.508,948488000.0
2018-04-09 00:00:00+00:00,39343018191.0,0.058998,398.526,1478390000.0
2018-04-10 00:00:00+00:00,40903130395.0,0.0607003,414.243,1196000000.0
2018-04-11 00:00:00+00:00,42521044920.0,0.0618309,430.54,1439040000.0
2018-04-12 00:00:00+00:00,48693844480.0,0.062332,492.941,2519360000.0
2018-04-13 00:00:00+00:00,48683660481.0,0.0626334,492.735,2419250000.0
2018-04-14 00:00:00+00:00,49557725332.0,0.0627423,501.478,1519080000.0
2018-04-15 00:00:00+00:00,52555419462.0,0.063686,531.702,1726090000.0
2018-04-16 00:00:00+00:00,50534185799.0,0.0635325,511.147,1758980000.0
2018-04-17 00:00:00+00:00,49728519115.0,0.0637479,502.894,1760360000.0
2018-04-18 00:00:00+00:00,51904227886.0,0.0643259,524.789,1762940000.0
2018-04-19 00:00:00+00:00,56178772001.0,0.0687235,567.889,2256870000.0
2018-04-20 00:00:00+00:00,60922818296.0,0.0696603,615.718,2849470000.0
2018-04-21 00:00:00+00:00,59913832193.0,0.0678065,605.395,2612460000.0
2018-04-22 00:00:00+00:00,61556034015.0,0.0706747,621.86,2426270000.0
2018-04-23 00:00:00+00:00,63617020167.0,0.072056,642.548,2386830000.0
2018-04-24 00:00:00+00:00,70127342534.0,0.0725247,708.158,3581860000.0
2018-04-25 00:00:00+00:00,60955966710.0,0.0700122,615.416,4216140000.0
2018-04-26 00:00:00+00:00,65663946135.0,0.0713906,662.809,2984010000.0
2018-04-27 00:00:00+00:00,64114105428.0,0.0723239,647.032,2598130000.0
2018-04-28 00:00:00+00:00,67759208003.0,0.0731276,683.678,2496660000.0
2018-04-29 00:00:00+00:00,68289153705.0,0.0732489,688.881,2740560000.0
2018-04-30 00:00:00+00:00,66423712255.0,0.0725595,669.924,2853100000.0
2018-05-01 00:00:00+00:00,66803233984.0,0.0740479,673.613,2678960000.0
2018-05-02 00:00:00+00:00,68159979253.0,0.0745373,687.149,2822270000.0
2018-05-03 00:00:00+00:00,77340839220.0,0.0799412,779.543,4210940000.0
2018-05-04 00:00:00+00:00,77960306235.0,0.0810154,785.624,3533410000.0
2018-05-05 00:00:00+00:00,81003446782.0,0.0830908,816.12,3035040000.0
2018-05-06 00:00:00+00:00,78656662788.0,0.082474,792.311,3105570000.0
2018-05-07 00:00:00+00:00,74841655792.0,0.0806379,753.725,4316120000.0
2018-05-08 00:00:00+00:00,74770813968.0,0.0817165,752.857,2920490000.0
2018-05-09 00:00:00+00:00,74728439729.0,0.0807469,752.275,2877870000.0
2018-05-10 00:00:00+00:00,72260117775.0,0.0805656,727.277,2748950000.0
2018-05-11 00:00:00+00:00,67535702572.0,0.080714,679.586,3290080000.0
2018-05-12 00:00:00+00:00,68192028457.0,0.0809911,686.048,2668480000.0
2018-05-13 00:00:00+00:00,72923278118.0,0.0843889,733.496,2362500000.0
2018-05-14 00:00:00+00:00,72645181706.0,0.0840739,730.549,3005110000.0
2018-05-15 00:00:00+00:00,70504110200.0,0.0834845,708.871,2523070000.0
2018-05-16 00:00:00+00:00,70337446110.0,0.0847452,707.05,2476130000.0
2018-05-17 00:00:00+00:00,66929938612.0,0.0833427,672.657,2350620000.0
2018-05-18 00:00:00+00:00,69104455848.0,0.0842658,694.367,2305740000.0
2018-05-19 00:00:00+00:00,69334147807.0,0.0845378,696.53,2021550000.0
2018-05-20 00:00:00+00:00,71224213260.0,0.0839953,715.369,2156910000.0
2018-05-21 00:00:00+00:00,69631032596.0,0.0831498,699.222,2005170000.0
2018-05-22 00:00:00+00:00,64517663406.0,0.0808489,647.741,2230470000.0
2018-05-23 00:00:00+00:00,58139666822.0,0.0774133,583.585,2995430000.0
2018-05-24 00:00:00+00:00,59962094302.0,0.0797177,601.755,2791100000.0
2018-05-25 00:00:00+00:00,58477440267.0,0.078464,586.734,2110920000.0
2018-05-26 00:00:00+00:00,58544016480.0,0.0801,587.28,1694300000.0
2018-05-27 00:00:00+00:00,57099072056.0,0.077981,572.668,1788790000.0
2018-05-28 00:00:00+00:00,51463146627.0,0.0724685,516.036,2356900000.0
2018-05-29 00:00:00+00:00,56396587655.0,0.0757935,565.388,2330820000.0
2018-05-30 00:00:00+00:00,55829809816.0,0.0757836,559.59,2053970000.0
2018-05-31 00:00:00+00:00,57643138806.0,0.0771615,577.645,1985040000.0
2018-06-01 00:00:00+00:00,57894350583.0,0.0771347,580.043,1945890000.0
2018-06-02 00:00:00+00:00,59080880116.0,0.0775351,591.808,1880390000.0
2018-06-03 00:00:00+00:00,61740821845.0,0.080247,618.329,1832550000.0
2018-06-04 00:00:00+00:00,59222873879.0,0.0790783,592.985,1903430000.0
2018-06-05 00:00:00+00:00,60864980394.0,0.0798986,609.303,1844270000.0
2018-06-06 00:00:00+00:00,60659842640.0,0.0793654,607.124,1756530000.0
2018-06-07 00:00:00+00:00,60478879394.0,0.0788344,605.187,1880140000.0
2018-06-08 00:00:00+00:00,60080608857.0,0.0787741,601.077,1637780000.0
2018-06-09 00:00:00+00:00,59741701632.0,0.0797181,597.562,1519310000.0
2018-06-10 00:00:00+00:00,52645885460.0,0.0778161,526.479,2234880000.0
2018-06-11 00:00:00+00:00,53337466294.0,0.077386,533.284,1982120000.0
2018-06-12 00:00:00+00:00,49702985162.0,0.075669,496.843,1932760000.0
2018-06-13 00:00:00+00:00,47777150786.0,0.0755266,477.494,2080130000.0
2018-06-14 00:00:00+00:00,52015066663.0,0.0781009,519.742,2458650000.0
2018-06-15 00:00:00+00:00,49149084089.0,0.076177,491.004,1808270000.0
2018-06-16 00:00:00+00:00,50024018701.0,0.076742,499.642,1314110000.0
2018-06-17 00:00:00+00:00,50114921287.0,0.0769996,500.448,1264870000.0
2018-06-18 00:00:00+00:00,51972519170.0,0.0770573,518.891,1513870000.0
2018-06-19 00:00:00+00:00,53893191559.0,0.0796879,537.957,1726570000.0
2018-06-20 00:00:00+00:00,53735032875.0,0.0794462,536.268,1596290000.0
2018-06-21 00:00:00+00:00,52853921455.0,0.0784533,527.367,1462070000.0
2018-06-22 00:00:00+00:00,46694859627.0,0.0769798,465.817,2226030000.0
2018-06-23 00:00:00+00:00,47577076101.0,0.0769384,474.52,1651380000.0
2018-06-24 00:00:00+00:00,45897156207.0,0.0742672,457.672,2490580000.0
2018-06-25 00:00:00+00:00,46171165113.0,0.073672,460.31,4007950000.0
2018-06-26 00:00:00+00:00,43417898247.0,0.0711467,432.772,1356560000.0
2018-06-27 00:00:00+00:00,44389430888.0,0.0721436,442.365,1368940000.0
2018-06-28 00:00:00+00:00,42413406327.0,0.0719816,422.587,1362110000.0
2018-06-29 00:00:00+00:00,43789486845.0,0.0703776,436.209,1565800000.0
2018-06-30 00:00:00+00:00,45709527296.0,0.0711835,455.242,1475800000.0
2018-07-01 00:00:00+00:00,45576421531.0,0.0714449,453.824,1513060000.0
2018-07-02 00:00:00+00:00,47747743959.0,0.0719479,475.347,1625790000.0
2018-07-03 00:00:00+00:00,46632646616.0,0.0713706,464.151,1684870000.0
2018-07-04 00:00:00+00:00,46957276707.0,0.0710651,467.287,1550330000.0
2018-07-05 00:00:00+00:00,47677439991.0,0.072574,474.357,1828430000.0
2018-07-06 00:00:00+00:00,47656947913.0,0.0717403,474.057,1626580000.0
2018-07-07 00:00:00+00:00,49436674024.0,0.0726642,491.66,1358360000.0
2018-07-08 00:00:00+00:00,49186032060.0,0.0728981,489.068,1342550000.0
2018-07-09 00:00:00+00:00,47897904388.0,0.0714261,476.162,1533840000.0
2018-07-10 00:00:00+00:00,43717397462.0,0.0687737,434.515,1789310000.0
2018-07-11 00:00:00+00:00,44932661114.0,0.0698824,446.502,1422850000.0
2018-07-12 00:00:00+00:00,43288294177.0,0.0689608,430.074,1495440000.0
2018-07-13 00:00:00+00:00,43694988768.0,0.069397,434.027,1489670000.0
2018-07-14 00:00:00+00:00,43911193560.0,0.0695836,436.086,1235820000.0
2018-07-15 00:00:00+00:00,45306414380.0,0.0707703,449.85,1350160000.0
2018-07-16 00:00:00+00:00,48419026521.0,0.0712113,480.658,1858680000.0
2018-07-17 00:00:00+00:00,50478766285.0,0.0683692,501.002,2288100000.0
2018-07-18 00:00:00+00:00,48435744858.0,0.0652723,480.628,2373640000.0
2018-07-19 00:00:00+00:00,47335899962.0,0.062896,469.619,2068740000.0
2018-07-20 00:00:00+00:00,45445784030.0,0.0614562,450.777,1821030000.0
2018-07-21 00:00:00+00:00,46598049508.0,0.0624181,462.112,1503630000.0
2018-07-22 00:00:00+00:00,46360029756.0,0.062082,459.657,1338590000.0
2018-07-23 00:00:00+00:00,45481301490.0,0.0585113,450.853,1597000000.0
2018-07-24 00:00:00+00:00,48368209917.0,0.0568453,479.373,2287520000.0
2018-07-25 00:00:00+00:00,47683830874.0,0.0578022,472.493,1930780000.0
2018-07-26 00:00:00+00:00,46823478959.0,0.0583287,463.874,1622250000.0
2018-07-27 00:00:00+00:00,47417755376.0,0.0575958,469.666,1734260000.0
2018-07-28 00:00:00+00:00,47147853886.0,0.0570361,466.898,1531890000.0
2018-07-29 00:00:00+00:00,47133881665.0,0.0568098,466.665,1631910000.0
2018-07-30 00:00:00+00:00,46150453521.0,0.05577269,456.835866105,2140007364.0
2018-07-31 00:00:00+00:00,43839034236.0,0.0560563,433.867,1820680000.0
2018-08-01 00:00:00+00:00,42521937217.0,0.0553032,420.747,1888060000.0
2018-08-02 00:00:00+00:00,41709183608.0,0.0547074,412.621,1569300000.0
2018-08-03 00:00:00+00:00,42327776013.0,0.056497,418.655634466,1721690347.0
2018-08-04 00:00:00+00:00,41183215694.0,0.0580897,407.252,1466540000.0
2018-08-05 00:00:00+00:00,41521715110.0,0.0582871,410.516,1396820000.0
2018-08-06 00:00:00+00:00,41154304180.0,0.05859951,406.801464995,1384754073.0
2018-08-07 00:00:00+00:00,38472420232.0,0.056591,380.215,1828350000.0
2018-08-08 00:00:00+00:00,36091566801.0,0.0568913,356.613,2016080000.0
2018-08-09 00:00:00+00:00,37007391030.0,0.0558483,365.588,1616610000.0
2018-08-10 00:00:00+00:00,33834485092.0,0.0542143,334.176,1699400000.0
2018-08-11 00:00:00+00:00,32619681420.0,0.0513388,322.112,1790370000.0
2018-08-12 00:00:00+00:00,32368768331.0,0.0505195,319.57,1625420000.0
2018-08-13 00:00:00+00:00,29028189459.0,0.04567477,286.531511664,1751440047.0
2018-08-14 00:00:00+00:00,28263969131.0,0.0449751,278.932,2137850000.0
2018-08-15 00:00:00+00:00,28617473115.0,0.0449368,282.364,1878150000.0
2018-08-16 00:00:00+00:00,29195274586.0,0.04559974,288.006993798,1553666061.0
2018-08-17 00:00:00+00:00,32049696340.0,0.04806829,316.101569983,1997083626.0
2018-08-18 00:00:00+00:00,29998584852.0,0.0462095,295.812,1764020000.0
2018-08-19 00:00:00+00:00,30514025773.0,0.0463104,300.834,1447910000.0
2018-08-20 00:00:00+00:00,27829775230.0,0.0436188,274.315,1413790000.0
2018-08-21 00:00:00+00:00,28609531323.0,0.0434837,281.944,1164120000.0
2018-08-22 00:00:00+00:00,27539119678.0,0.0426229,271.341,1507660000.0
2018-08-23 00:00:00+00:00,28129662664.0,0.0423961,277.104,1271160000.0
2018-08-24 00:00:00+00:00,28739117834.0,0.04215028,283.049854065,1450217870.0
2018-08-25 00:00:00+00:00,28399212923.0,0.0414431,279.646,1208360000.0
2018-08-26 00:00:00+00:00,27953028997.0,0.04094,275.197,1206650000.0
2018-08-27 00:00:00+00:00,29015874948.0,0.041401,285.603,1406790000.0
2018-08-28 00:00:00+00:00,30128902936.0,0.0418476,296.499,1513350000.0
2018-08-29 00:00:00+00:00,29404459724.0,0.0410907,289.312,1474460000.0
2018-08-30 00:00:00+00:00,28881058148.0,0.0406593,284.105,1513100000.0
2018-08-31 00:00:00+00:00,28774922508.0,0.0401492,283.004,1411910000.0
2018-09-01 00:00:00+00:00,30035327410.0,0.0410963,295.341,1546630000.0
2018-09-02 00:00:00+00:00,29942718225.0,0.0403828,294.371,1321050000.0
2018-09-03 00:00:00+00:00,29428616901.0,0.0398023,289.259,1394490000.0
2018-09-04 00:00:00+00:00,29076569471.0,0.03883484,285.740948083,1554267118.0
2018-09-05 00:00:00+00:00,23646371776.0,0.0346591,232.331,2390390000.0
2018-09-06 00:00:00+00:00,23437262612.0,0.03539973,230.229840653,2096001817.0
2018-09-07 00:00:00+00:00,22115522904.0,0.0336789,217.203,1678260000.0
2018-09-08 00:00:00+00:00,20159309964.0,0.0319742,197.951,1517200000.0
2018-09-09 00:00:00+00:00,20058708799.0,0.0314385,196.924,1585980000.0
2018-09-10 00:00:00+00:00,20078523983.0,0.031215,197.079,1502960000.0
2018-09-11 00:00:00+00:00,18858381965.0,0.0293981,185.066,1568900000.0
2018-09-12 00:00:00+00:00,18701176809.0,0.028909,183.486585175,1876631784.0
2018-09-13 00:00:00+00:00,21538790432.0,0.03255895,211.285476438,2329623051.0
2018-09-14 00:00:00+00:00,21590366995.0,0.0325782,211.749,2232190000.0
2018-09-15 00:00:00+00:00,22749647320.0,0.0341939,223.074,1670490000.0
2018-09-16 00:00:00+00:00,22500748645.0,0.0339573,220.589,1502260000.0
2018-09-17 00:00:00+00:00,20187902504.0,0.0315792,197.875,2019910000.0
2018-09-18 00:00:00+00:00,21426628308.0,0.0330724,209.975,1800640000.0
2018-09-19 00:00:00+00:00,21430323331.0,0.0328746,209.969,1733330000.0
2018-09-20 00:00:00+00:00,22927300807.0,0.034502,224.591,1782070000.0
2018-09-21 00:00:00+00:00,25177561991.0,0.0365795,246.584,2836200000.0
2018-09-22 00:00:00+00:00,24568663890.0,0.03579066,240.572769486,1923038314.0
2018-09-23 00:00:00+00:00,24973676718.0,0.0365279,244.48993816,1695530141.0
2018-09-24 00:00:00+00:00,23368514474.0,0.0347124,228.73,1748740000.0
2018-09-25 00:00:00+00:00,22328327983.0,0.0339765,218.505,2120360000.0
2018-09-26 00:00:00+00:00,22061164303.0,0.0333833,215.847,1756100000.0
2018-09-27 00:00:00+00:00,23358464738.0,0.0342261,228.494,2030320000.0
2018-09-28 00:00:00+00:00,22748155106.0,0.03354212,222.479473522,2020244847.0
2018-09-29 00:00:00+00:00,23688983896.0,0.0350954,231.635,2208720000.0
2018-09-30 00:00:00+00:00,23829944410.0,0.03517622,232.96667258,1766194893.0
2018-10-01 00:00:00+00:00,23609728018.0,0.0350014,230.768,1597500000.0
2018-10-02 00:00:00+00:00,23247403474.0,0.0348315,227.181,1542080000.0
2018-10-03 00:00:00+00:00,22567089085.0,0.0339681,220.489,1683930000.0
2018-10-04 00:00:00+00:00,22748580858.0,0.0339294,222.218,1479500000.0
2018-10-05 00:00:00+00:00,23304234601.0,0.0344501,227.601,1547330000.0
2018-10-06 00:00:00+00:00,23054817089.0,0.0343344,225.12,1505070000.0
2018-10-07 00:00:00+00:00,23161767973.0,0.0344872,226.119,1470480000.0
2018-10-08 00:00:00+00:00,23511388663.0,0.03450662,229.486480336,1471684374.0
2018-10-09 00:00:00+00:00,23361891400.0,0.0343715,227.982,1405130000.0
2018-10-10 00:00:00+00:00,23118000377.0,0.03432216,225.557154118,1383151631.0
2018-10-11 00:00:00+00:00,19426181717.0,0.0304985,189.499,2167620000.0
2018-10-12 00:00:00+00:00,20171157773.0,0.0315375,196.727,1487900000.0
2018-10-13 00:00:00+00:00,20497800801.0,0.03193572,199.872895614,1168556466.0
2018-10-14 00:00:00+00:00,20075397006.0,0.0312611,195.715,1169260000.0
2018-10-15 00:00:00+00:00,21514643743.0,0.03179067,209.704675287,2866954693.0
2018-10-16 00:00:00+00:00,21562595763.0,0.03196799,210.130303707,1534092208.0
2018-10-17 00:00:00+00:00,21254117735.0,0.0317449,207.083,1444130000.0
2018-10-18 00:00:00+00:00,20875341345.0,0.0313934,203.352,1365860000.0
2018-10-19 00:00:00+00:00,20917973392.0,0.0316818,203.727,1264480000.0
2018-10-20 00:00:00+00:00,21097037288.0,0.0317478,205.43,1238780000.0
2018-10-21 00:00:00+00:00,21058148438.0,0.03161726,205.010743159,1189129281.0
2018-10-22 00:00:00+00:00,20962977291.0,0.0316218,204.044,1328980000.0
2018-10-23 00:00:00+00:00,20997181867.0,0.0315883,204.336,1237490000.0
2018-10-24 00:00:00+00:00,20957121147.0,0.03146614,203.905689529,1101905257.0
2018-10-25 00:00:00+00:00,20846198502.0,0.03145914,202.786505059,1104440046.0
2018-10-26 00:00:00+00:00,20906130835.0,0.0314381,203.329,1161310000.0
2018-10-27 00:00:00+00:00,21006407869.0,0.03171677,204.264015065,1085551419.0
2018-10-28 00:00:00+00:00,21112665350.0,0.03166165,205.256705622,1138779554.0
2018-10-29 00:00:00+00:00,20292811277.0,0.031231,197.247,1517230000.0
2018-10-30 00:00:00+00:00,20328580025.0,0.0313785,197.556,1363500000.0
2018-10-31 00:00:00+00:00,20314628127.0,0.0313938,197.381,1442380000.0
2018-11-01 00:00:00+00:00,20465322417.0,0.03142926,198.806104589,1338129390.0
2018-11-02 00:00:00+00:00,20654790345.0,0.03146191,200.607422724,1452485857.0
2018-11-03 00:00:00+00:00,20615439150.0,0.0313958,200.186,1307150000.0
2018-11-04 00:00:00+00:00,21352149247.0,0.03221219,207.298939123,1748803701.0
2018-11-05 00:00:00+00:00,21540996877.0,0.03259,209.091,1613510000.0
2018-11-06 00:00:00+00:00,22509806854.0,0.0337115,218.452,1856940000.0
2018-11-07 00:00:00+00:00,22394867246.0,0.03327352,217.293317005,1926115681.0
2018-11-08 00:00:00+00:00,21863867213.0,0.03293695,212.099486226,1769601192.0
2018-11-09 00:00:00+00:00,21643502367.0,0.03288694,209.920494826,1555379586.0
2018-11-10 00:00:00+00:00,21890484099.0,0.03328335,212.27397515,1375158613.0
2018-11-11 00:00:00+00:00,21798464880.0,0.0330633,211.34,1501600000.0
2018-11-12 00:00:00+00:00,21707637539.0,0.0328948,210.418,1452380000.0
2018-11-13 00:00:00+00:00,21341261802.0,0.0324886,206.826,1610260000.0
2018-11-14 00:00:00+00:00,18721032761.0,0.0318235,181.397,2595330000.0
2018-11-15 00:00:00+00:00,18663659629.0,0.0320571,180.806,2638410000.0
2018-11-16 00:00:00+00:00,18087275018.0,0.03146813,175.187836828,2014463499.0
2018-11-17 00:00:00+00:00,17963086727.0,0.0313829,173.951273711,1832524615.0
2018-11-18 00:00:00+00:00,18288411984.0,0.0315257,177.067,1810920000.0
2018-11-19 00:00:00+00:00,15410551811.0,0.0307986,149.175,2745160000.0
2018-11-20 00:00:00+00:00,13467303238.0,0.0295029,130.339,3134410000.0
2018-11-21 00:00:00+00:00,14127420909.0,0.0296524,136.701,2685930000.0
2018-11-22 00:00:00+00:00,13097009561.0,0.0290738,126.706,1792150000.0
2018-11-23 00:00:00+00:00,12752182267.0,0.02837098,123.345966854,1998304702.0
2018-11-24 00:00:00+00:00,11720719172.0,0.02932,113.347173869,1800211555.0
2018-11-25 00:00:00+00:00,12043900588.0,0.0289829,116.45,2466750000.0
2018-11-26 00:00:00+00:00,11206775318.0,0.0286266,108.335,2139490000.0
2018-11-27 00:00:00+00:00,11382216772.0,0.0288022,110.01,2320010000.0
2018-11-28 00:00:00+00:00,12670491119.0,0.0287356,122.438,2673470000.0
2018-11-29 00:00:00+00:00,12174369643.0,0.02749267,117.620747506,2196489521.0
2018-11-30 00:00:00+00:00,11713475547.0,0.02819997,113.146108147,2021811106.0
2018-12-01 00:00:00+00:00,12284117522.0,0.0281739201407,118.635558644,2131475767.0
2018-12-02 00:00:00+00:00,12053770487.0,0.0281279949616,116.388899329,1856199148.0
2018-12-03 00:00:00+00:00,11282911403.0,0.0280046864771,108.925017829,1772756192.0
2018-12-04 00:00:00+00:00,11418617062.0,0.0278572136268,110.214189589,1748116495.0
2018-12-05 00:00:00+00:00,10618884099.0,0.0273334678139,102.475555559,1990157607.0
2018-12-06 00:00:00+00:00,9514881526.0,0.026054164149723228,91.8041311072,2311802819.0
2018-12-07 00:00:00+00:00,9671177427.0,0.0273029192008,93.2945640148,2554304529.0
2018-12-08 00:00:00+00:00,9555327945.0,0.0264723817579,92.1596396877,1855759401.0
2018-12-09 00:00:00+00:00,9866414731.0,0.0262997715142,95.1420594843,1875567179.0
2018-12-10 00:00:00+00:00,9509816314.0,0.0261635572648,91.6856567551,1756437577.0
2018-12-11 00:00:00+00:00,9227301064.0,0.0259684428112,88.9453032129,1707497898.0
2018-12-12 00:00:00+00:00,9400044026.0,0.0259688161704,90.5933019065,1533050103.0
2018-12-13 00:00:00+00:00,8981108542.0,0.0261429630006,86.5393148885,1754475621.0
2018-12-14 00:00:00+00:00,8751209553.0,0.0260474665084,84.30829593,1651491876.0
2018-12-15 00:00:00+00:00,8766638124.0,0.0260928797177,84.4408095289,1496176898.0
2018-12-16 00:00:00+00:00,8853567310.0,0.0262350645762,85.2620969271,1565817037.0
2018-12-17 00:00:00+00:00,9880456238.0,0.0268035156933,95.1338271163,2101453023.0
2018-12-18 00:00:00+00:00,10503295748.0,0.0273093974233,101.112455798,2277514075.0
2018-12-19 00:00:00+00:00,10521416480.0,0.0269822373831,101.268575225,2456482114.0
2018-12-20 00:00:00+00:00,12076674310.0,0.0280400072787,116.21687011,3063842618.0
2018-12-21 00:00:00+00:00,11380357568.0,0.0280904396576,109.496233553,2632539990.0
2018-12-22 00:00:00+00:00,12137481655.0,0.0290391612393,116.759499161,2338772938.0
2018-12-23 00:00:00+00:00,13595887731.0,0.0326909218047,130.765259805,3579715060.0
2018-12-24 00:00:00+00:00,14583457939.0,0.0343811941509,140.23800256,4370343386.0
2018-12-25 00:00:00+00:00,13520139863.0,0.03402019287901355,129.989055131,3302415716.0
2018-12-26 00:00:00+00:00,13717858345.0,0.0341913900821,131.865627374,2720469126.0
2018-12-27 00:00:00+00:00,12129493222.0,0.0319650503934,116.575910514,2612804378.0
2018-12-28 00:00:00+00:00,14324511544.0,0.0350371921018,137.647013306,3130201009.0
2018-12-29 00:00:00+00:00,14365797195.0,0.0361590589658,138.018334779,3169029972.0
2018-12-30 00:00:00+00:00,14560066114.0,0.036162146475,139.859452892,2660086834.0
2018-12-31 00:00:00+00:00,13886837729.0,0.0356204593076,133.368263445,2358360233.0
2019-01-01 00:00:00+00:00,14665318369.0,0.0365386746609,140.819413158,2258709868.0
2019-01-02 00:00:00+00:00,16150049902.0,0.0393355576657,155.047677215,3328240369.0
2019-01-03 00:00:00+00:00,15537033905.0,0.03887376891512847,149.136769263,2676671524.0
2019-01-04 00:00:00+00:00,16107068093.0,0.0401111916365,154.58194227,3126192535.0
2019-01-05 00:00:00+00:00,16219974744.0,0.0405133146194,155.638589483,3338211928.0
2019-01-06 00:00:00+00:00,16442429109.0,0.0386788717773,157.746199308,3231294371.0
2019-01-07 00:00:00+00:00,15814868678.0,0.0377214285841,151.699213451,2712108387.0
2019-01-08 00:00:00+00:00,15677889901.0,0.0373043261027,150.359633438,2459808140.0
2019-01-09 00:00:00+00:00,15721347731.0,0.037362797668883056,150.750390899,2370091162.0
2019-01-10 00:00:00+00:00,13416263931.0,0.0350410295467,128.625185944,3397734455.0
2019-01-11 00:00:00+00:00,13306214133.0,0.0346618512908,127.548324868,2667585233.0
2019-01-12 00:00:00+00:00,13143426379.0,0.0344519472708,125.9665328,2212109224.0
2019-01-13 00:00:00+00:00,12199288487.0,0.0330061985458,116.89780148,2268263943.0
2019-01-14 00:00:00+00:00,13471754801.0,0.0348984889576,129.068732601,2798085735.0
2019-01-15 00:00:00+00:00,12739543688.0,0.0336419532313,122.032712316,2735449164.0
2019-01-16 00:00:00+00:00,12900646633.0,0.033807619006696085,123.555052547,2746946024.0
2019-01-17 00:00:00+00:00,12922347329.0,0.0336631165009,123.741921671,2594091284.0
2019-01-18 00:00:00+00:00,12639234713.0,0.0331036496792,121.010265197,2305389799.0
2019-01-19 00:00:00+00:00,13007954845.0,0.0334086262961,124.519021209,3048261797.0
2019-01-20 00:00:00+00:00,12483136112.0,0.0332154094485,119.474828958,2964108269.0
2019-01-21 00:00:00+00:00,12250149594.0,0.032782981330649275,117.226841984,2421726404.0
2019-01-22 00:00:00+00:00,12410972240.0,0.0329481855257,118.747550914,2552507404.0
2019-01-23 00:00:00+00:00,12277481872.0,0.0327855347807,117.452609248,2556952198.0
2019-01-24 00:00:00+00:00,12269992351.0,0.0325900905064,117.362886414,2520843419.0
2019-01-25 00:00:00+00:00,12168965158.0,0.03232698734279373,116.37865782,2607249454.0
2019-01-26 00:00:00+00:00,12181943816.0,0.03233108787736436,116.484967813,2412915271.0
2019-01-27 00:00:00+00:00,11861671822.0,0.0316867278592,113.405291898,2775888286.0
2019-01-28 00:00:00+00:00,11150461957.0,0.0307449610746,106.589976822,3366895504.0
2019-01-29 00:00:00+00:00,11039094923.0,0.030607745526176067,105.509780747,2898651368.0
2019-01-30 00:00:00+00:00,11396282341.0,0.0312598237419,108.90753982,2874370354.0
2019-01-31 00:00:00+00:00,11204735502.0,0.0310002124796,107.061013064,2828796030.0
2019-02-01 00:00:00+00:00,11263815609.0,0.0308743046301,107.609786895,2541271518.0
2019-02-02 00:00:00+00:00,11560765572.0,0.031397616567,110.430261898,2385157837.0
2019-02-03 00:00:00+00:00,11252128621.0,0.03104307029397813,107.466482435,2518765051.0
2019-02-04 00:00:00+00:00,11290969363.0,0.0311391819439,107.821603427,2491888674.0
2019-02-05 00:00:00+00:00,11253035388.0,0.0309713799939,107.443520166,2515863998.0
2019-02-06 00:00:00+00:00,10990266832.0,0.0307906967867,104.919289868,2593048199.0
2019-02-07 00:00:00+00:00,10951652648.0,0.0307652736866,104.535298574,2326764622.0
2019-02-08 00:00:00+00:00,12496945335.0,0.0325465326219,119.267748863,3656841346.0
2019-02-09 00:00:00+00:00,12515870173.0,0.0325910899319,119.430883307,2884650400.0
2019-02-10 00:00:00+00:00,13080881910.0,0.0338406656613,124.806484949,3148766590.0
2019-02-11 00:00:00+00:00,12714795026.0,0.03323551922,121.298395992,3222473887.0
2019-02-12 00:00:00+00:00,12852594415.0,0.03355560701014545,122.597371165,3150679444.0
2019-02-13 00:00:00+00:00,12849605818.0,0.0337798931599,122.553602552,3386585799.0
2019-02-14 00:00:00+00:00,12729213674.0,0.033621870228,121.390203726,3331701627.0
2019-02-15 00:00:00+00:00,12805280765.0,0.0337302097288,122.100387372,3021741614.0
2019-02-16 00:00:00+00:00,12928550183.0,0.0339747272078,123.260213055,2905833287.0
2019-02-17 00:00:00+00:00,14014695489.0,0.0364349328716,133.59888295,4236081129.0
2019-02-18 00:00:00+00:00,15327852479.0,0.0373234770224,146.09837101,5387525773.0
2019-02-19 00:00:00+00:00,15250901018.0,0.0367824528392,145.346183571,5310842625.0
2019-02-20 00:00:00+00:00,15694462392.0,0.0373498808905,149.554343958,4500094964.0
2019-02-21 00:00:00+00:00,15337145737.0,0.0369630708483,146.130844289,3995766856.0
2019-02-22 00:00:00+00:00,15649961167.0,0.0371946712708,149.092454265,3731099283.0
2019-02-23 00:00:00+00:00,16670632412.0,0.0383576329973,158.79542978,4519468458.0
2019-02-24 00:00:00+00:00,14263873720.0,0.0357468703728,135.852653564,5957715043.0
2019-02-25 00:00:00+00:00,14682597925.0,0.0360712159315,139.822855499,4914392068.0
2019-02-26 00:00:00+00:00,14490833984.0,0.03579725028105835,137.978941583,3794034120.0
2019-02-27 00:00:00+00:00,14299435977.0,0.035367265985213725,136.138953278,4469093505.0
2019-02-28 00:00:00+00:00,14365118212.0,0.0355100086614,136.746252009,4535438953.0
2019-03-01 00:00:00+00:00,14335957424.0,0.0354174944798,136.443622783,3756124823.0
2019-03-02 00:00:00+00:00,14103698391.0,0.0347762713931,134.206955299,3747176425.0
2019-03-03 00:00:00+00:00,13899517687.0,0.034365438416527935,132.238368266,3456332526.0
2019-03-04 00:00:00+00:00,13378804089.0,0.033873954561549215,127.2595911,4018515108.0
2019-03-05 00:00:00+00:00,14500045654.0,0.035370303099300095,137.897784244,4766324599.0
2019-03-06 00:00:00+00:00,14590867639.0,0.0355876737397,138.789354083,4589054218.0
2019-03-07 00:00:00+00:00,14513398953.0,0.0353339091536,138.03450239,4339206292.0
2019-03-08 00:00:00+00:00,14209542040.0,0.0346498063022,135.127074998,4678816793.0
2019-03-09 00:00:00+00:00,14509873018.0,0.0348200501206,137.965335551,5011918715.0
2019-03-10 00:00:00+00:00,14384860875.0,0.0346487723847,136.758683137,4578438499.0
2019-03-11 00:00:00+00:00,14080529444.0,0.03426371212778498,133.848145892,4663500696.0
2019-03-12 00:00:00+00:00,14144929391.0,0.0344402287393,134.442888733,4709987999.0
2019-03-13 00:00:00+00:00,14022610219.0,0.0341595356941,133.263076226,4265162099.0
2019-03-14 00:00:00+00:00,14071628063.0,0.0340848487948,133.711599756,4476532147.0
2019-03-15 00:00:00+00:00,14492364550.0,0.0347633775264,137.691783786,4506861856.0
2019-03-16 00:00:00+00:00,14987642314.0,0.035171542731284325,142.378709149,4839251022.0
2019-03-17 00:00:00+00:00,14739201597.0,0.0348400515978,140.000549501,3827157729.0
2019-03-18 00:00:00+00:00,14675181093.0,0.0346193782831,139.374600609,4551739878.0
2019-03-19 00:00:00+00:00,14797612388.0,0.0345156115409,140.519199188,4251488128.0
2019-03-20 00:00:00+00:00,14817151374.0,0.0344476582729,140.68636173,4664134462.0
2019-03-21 00:00:00+00:00,14392427839.0,0.0339277040056,136.636060704,5087247796.0
2019-03-22 00:00:00+00:00,14451740115.0,0.0341361146215,137.181435033,4490899265.0
2019-03-23 00:00:00+00:00,14564435454.0,0.034254263970005534,138.233155738,4438973245.0
2019-03-24 00:00:00+00:00,14433931909.0,0.03407732127171053,136.976833387,4268888402.0
2019-03-25 00:00:00+00:00,14230733149.0,0.0341575116078,135.031027518,4480516752.0
2019-03-26 00:00:00+00:00,14277816265.0,0.0340577721899,135.460352857,4499271678.0
2019-03-27 00:00:00+00:00,14862394450.0,0.0345430227579,140.988157542,5228240092.0
2019-03-28 00:00:00+00:00,14698609598.0,0.0343006165722,139.416477555,4163212475.0
2019-03-29 00:00:00+00:00,15025361636.0,0.0346752469475,142.497417117,5125602702.0
2019-03-30 00:00:00+00:00,14984615423.0,0.0346537322911,142.092680619,5144662126.0
2019-03-31 00:00:00+00:00,14925533136.0,0.0345323786831,141.514094106,4249050197.0
2019-04-01 00:00:00+00:00,14960828860.0,0.034176933772,141.830324349,4611999536.0
2019-04-02 00:00:00+00:00,17297572364.0,0.0336322261103,163.961741819,9826645698.0
2019-04-03 00:00:00+00:00,17032850502.0,0.0324726951866851,161.431760954,10629921073.0
2019-04-04 00:00:00+00:00,16678477300.0,0.0321648099897,158.052537823,7953123528.0
2019-04-05 00:00:00+00:00,17468192986.0,0.0328670385335,165.514845948,7531316908.0
2019-04-06 00:00:00+00:00,17516082777.0,0.0328162389964,165.947208019,7167016220.0
2019-04-07 00:00:00+00:00,18424576820.0,0.0336184617124,174.531647379,7596176019.0
2019-04-08 00:00:00+00:00,19031640376.0,0.0341142410827,180.258815391,9304964609.0
2019-04-09 00:00:00+00:00,18591561411.0,0.03382694524019522,176.067842046,7635309961.0
2019-04-10 00:00:00+00:00,18728058766.0,0.0333763759231,177.337476528,7856924878.0
2019-04-11 00:00:00+00:00,17479876008.0,0.0327231018123,165.49701739,7859383417.0
2019-04-12 00:00:00+00:00,17401765647.0,0.0324131635081,164.736323365,6237185309.0
2019-04-13 00:00:00+00:00,17380468168.0,0.0323562667186,164.513349875,4959301561.0
2019-04-14 00:00:00+00:00,17734050268.0,0.032559100201,167.838520685,4846298303.0
2019-04-15 00:00:00+00:00,17074367782.0,0.0319974667518,161.574178302,5672311823.0
2019-04-16 00:00:00+00:00,17715913572.0,0.0321189712168,167.623441183,5180105341.0
2019-04-17 00:00:00+00:00,17647086048.0,0.0319079261722,166.950761576,5596102715.0
2019-04-18 00:00:00+00:00,18372148463.0,0.0328015879044104,173.787881523,6975364543.0
2019-04-19 00:00:00+00:00,18366130179.0,0.0328630422252,173.708441176,6541053060.0
2019-04-20 00:00:00+00:00,18369231346.0,0.03255609945957038,173.715406321,6141330033.0
2019-04-21 00:00:00+00:00,17983602095.0,0.032122046389,170.046521769,6005571687.0
2019-04-22 00:00:00+00:00,18179292262.0,0.0319919238954,171.874669558,6094878077.0
2019-04-23 00:00:00+00:00,18136462571.0,0.030905811797,171.447798826,7097827092.0
2019-04-24 00:00:00+00:00,17544029659.0,0.0304737231132,165.82609059,7351304156.0
2019-04-25 00:00:00+00:00,16343573972.0,0.029833601421,154.459399951,6820332362.0
2019-04-26 00:00:00+00:00,16545462357.0,0.0297287886475,156.347087281,7505283355.0
2019-04-27 00:00:00+00:00,16775437981.0,0.030065893694357117,158.499766659,5863076202.0
2019-04-28 00:00:00+00:00,16650076836.0,0.0298262207987,157.29507397,5379894433.0
2019-04-29 00:00:00+00:00,16430642270.0,0.0296173293232,155.201995458,6053776253.0
2019-04-30 00:00:00+00:00,17170110492.0,0.0303137911017,162.166037089,6275803459.0
2019-05-01 00:00:00+00:00,17029616915.0,0.0297877378713,160.818344256,5789172432.0
2019-05-02 00:00:00+00:00,17164919147.0,0.029438493576018843,162.075168364,6044194537.0
2019-05-03 00:00:00+00:00,17789626262.0,0.0290723905957,167.952408601,7299410672.0
2019-05-04 00:00:00+00:00,17376070197.0,0.0281170418341,164.026580539,6658100048.0
2019-05-05 00:00:00+00:00,17317292590.0,0.028239741393,163.450697022,5938415561.0
2019-05-06 00:00:00+00:00,18270684472.0,0.030004013430255484,172.427274512,7539302908.0
2019-05-07 00:00:00+00:00,17994460618.0,0.0290977894469,169.798657365,8411140169.0
2019-05-08 00:00:00+00:00,18118602844.0,0.028580156765,170.948168196,6416569597.0
2019-05-09 00:00:00+00:00,18051087499.0,0.0275983138243,170.289301603,6546914197.0
2019-05-10 00:00:00+00:00,18355573716.0,0.027139241045680235,173.139317933,8034641149.0
2019-05-11 00:00:00+00:00,20602050120.0,0.0270702860128,194.304341538,12578331654.0
2019-05-12 00:00:00+00:00,19864635090.0,0.0269240007852,187.325322672,10326050089.0
2019-05-13 00:00:00+00:00,20876934045.0,0.0251711894356,196.846276938,10367149038.0
2019-05-14 00:00:00+00:00,23033114137.0,0.0271741075453,217.148571659,12751049754.0
2019-05-15 00:00:00+00:00,26219111162.0,0.0301129397345,247.153065441,13460006533.0
2019-05-16 00:00:00+00:00,28010958252.0,0.0335106335424,264.010023118,18661465872.0
2019-05-17 00:00:00+00:00,25866318004.0,0.0333182643919,243.764593413,16037551694.0
2019-05-18 00:00:00+00:00,24881050857.0,0.03225793312201239,234.449464995,10926402422.0
2019-05-19 00:00:00+00:00,27733299057.0,0.0318662295198,261.292219263,12049250893.0
2019-05-20 00:00:00+00:00,26736046291.0,0.0315866416869,251.864416688,10834541285.0
2019-05-21 00:00:00+00:00,27095257004.0,0.0320928585773,255.215875873,11545049593.0
2019-05-22 00:00:00+00:00,25982060191.0,0.0319324927253,244.698911619,9818257462.0
2019-05-23 00:00:00+00:00,26119891327.0,0.0312413350764,245.965672113,10671663487.0
2019-05-24 00:00:00+00:00,26519219020.0,0.03126110362427509,249.694050205,9934668744.0
2019-05-25 00:00:00+00:00,26738360858.0,0.031249951594463702,251.72479506,8925933170.0
2019-05-26 00:00:00+00:00,28371943145.0,0.0308021633232,267.069644637,9664267730.0
2019-05-27 00:00:00+00:00,28991071395.0,0.0309921562495,272.86264362,12074664735.0
2019-05-28 00:00:00+00:00,28878512606.0,0.0311526368051,271.76871076,10362846898.0
2019-05-29 00:00:00+00:00,28636457373.0,0.0311223240801,269.455701828,9819132174.0
2019-05-30 00:00:00+00:00,27194892740.0,0.0308595027979,255.858948474,13604268584.0
2019-05-31 00:00:00+00:00,28501098830.0,0.0313258202931,268.113560321,11255023514.0
2019-06-01 00:00:00+00:00,28215330783.0,0.03104243005,265.391260671,9942869851.0
2019-06-02 00:00:00+00:00,28718384764.0,0.03089640323720336,270.088546982,8745162312.0
2019-06-03 00:00:00+00:00,26863086906.0,0.0309081460708,252.607929766,9375712916.0
2019-06-04 00:00:00+00:00,25684802493.0,0.03133163220931752,241.497038946,10132143309.0
2019-06-05 00:00:00+00:00,26278874480.0,0.0316809059242,247.051016639,8548917061.0
2019-06-06 00:00:00+00:00,26540057658.0,0.0319493848631,249.474338747,8265146806.0
2019-06-07 00:00:00+00:00,26698353829.0,0.0313071171862,250.930360395,8379534527.0
2019-06-08 00:00:00+00:00,26128193871.0,0.030886858677301076,245.540479163,7225184713.0
2019-06-09 00:00:00+00:00,24806123508.0,0.0303784939637,233.086698165,7566421455.0
2019-06-10 00:00:00+00:00,26345596474.0,0.0310285445299,247.520125135,8141159847.0
2019-06-11 00:00:00+00:00,26163906568.0,0.0310701990331,245.781827855,7382269700.0
2019-06-12 00:00:00+00:00,27778241360.0,0.032031436565965174,260.913515345,8657605305.0
2019-06-13 00:00:00+00:00,27276572627.0,0.031178380767,256.168792302,8442077836.0
2019-06-14 00:00:00+00:00,28123338884.0,0.0304289747115,264.08745783,8676891266.0
2019-06-15 00:00:00+00:00,28652203066.0,0.0304407667981,269.019322335,8126853943.0
2019-06-16 00:00:00+00:00,28663480822.0,0.02993579620409803,269.090588251,9673403063.0
2019-06-17 00:00:00+00:00,29227567867.0,0.0294025675159,274.35111507,6009795781.0
2019-06-18 00:00:00+00:00,28240458528.0,0.0292374047019,265.051857677,6205242503.0
2019-06-19 00:00:00+00:00,28710780974.0,0.0290616648042,269.43179794,5516510947.0
2019-06-20 00:00:00+00:00,28955655289.0,0.0285632345247,271.695017157,6408981097.0
2019-06-21 00:00:00+00:00,31433771858.0,0.0291119409024,294.910279603,9331694139.0
2019-06-22 00:00:00+00:00,32980338717.0,0.0289198810218,309.380305299,10613731254.0
2019-06-23 00:00:00+00:00,32819043043.0,0.028410600483,307.827784126,8161062379.0
2019-06-24 00:00:00+00:00,33100160024.0,0.0282056181496,310.424669171,8205712062.0
2019-06-25 00:00:00+00:00,33925712999.0,0.0269780825222,318.126310017,9641764965.0
2019-06-26 00:00:00+00:00,35938775779.0,0.02588589374957996,336.959911227,16446111326.0
2019-06-27 00:00:00+00:00,31389390614.0,0.0264396489276,294.267645009,14038092502.0
2019-06-28 00:00:00+00:00,33202586959.0,0.0251455262786,311.226103335,11514656819.0
2019-06-29 00:00:00+00:00,34098597616.0,0.02678379995653647,319.584052742,10930357827.0
2019-06-30 00:00:00+00:00,31020295932.0,0.027031475643,290.695998902,10303111000.0
2019-07-01 00:00:00+00:00,31338571563.0,0.027800363386,293.641117329,10292223947.0
2019-07-02 00:00:00+00:00,31124332020.0,0.0269584264245,291.596440849,10618413951.0
2019-07-03 00:00:00+00:00,32356299765.0,0.0253426370764,303.099965055,9926711979.0
2019-07-04 00:00:00+00:00,30377082393.0,0.0254163326348,284.523211373,8403513105.0
2019-07-05 00:00:00+00:00,30751916426.0,0.026263721486,287.997523405,8723493015.0
2019-07-06 00:00:00+00:00,30707785755.0,0.0257027037698,287.547125887,7674615024.0
2019-07-07 00:00:00+00:00,32650611905.0,0.0267258303413,305.700559688,8119724980.0
2019-07-08 00:00:00+00:00,33461369497.0,0.0255074236329,313.251403897,9078905628.0
2019-07-09 00:00:00+00:00,32995572416.0,0.024567502767155008,308.851274005,10057941519.0
2019-07-10 00:00:00+00:00,30985827113.0,0.0238826039649,290.002318276,11679985166.0
2019-07-11 00:00:00+00:00,28713849047.0,0.023685289823,268.704039911,10216287021.0
2019-07-12 00:00:00+00:00,29526802979.0,0.0233912120442,276.276710845,8148936015.0
2019-07-13 00:00:00+00:00,28801816022.0,0.0236859259914,269.458810608,6716829429.0
2019-07-14 00:00:00+00:00,24328422207.0,0.0222381189586,227.578070731,8578339385.0
2019-07-15 00:00:00+00:00,24566488596.0,0.0210766786617,229.775995774,9723674243.0
2019-07-16 00:00:00+00:00,21298941498.0,0.0210455919523,199.188675302,9036620493.0
2019-07-17 00:00:00+00:00,22616651113.0,0.0218656986633,211.484962906,9387747639.0
2019-07-18 00:00:00+00:00,24242363093.0,0.02127450942939809,226.657696807,9327951634.0
2019-07-19 00:00:00+00:00,23675884534.0,0.0210490322837,221.333421321,7606433130.0
2019-07-20 00:00:00+00:00,24511869214.0,0.0212438963124,229.119221714,7976245988.0
2019-07-21 00:00:00+00:00,24141704293.0,0.0212961096983,225.630768716,6685082868.0
2019-07-22 00:00:00+00:00,23281138562.0,0.0210458381172,217.560020158,6338843918.0
2019-07-23 00:00:00+00:00,22767023809.0,0.0214989054764,212.728522894,6976091534.0
2019-07-24 00:00:00+00:00,23232101232.0,0.0221348331729,217.046368323,7168982842.0
2019-07-25 00:00:00+00:00,23511421168.0,0.02215815352888833,219.62812266,6729668660.0
2019-07-26 00:00:00+00:00,23514586697.0,0.0222642648212,219.62960287,5729852177.0
2019-07-27 00:00:00+00:00,22208955062.0,0.0218685607666,207.408317263,6257703907.0
2019-07-28 00:00:00+00:00,22609650415.0,0.022111405188145764,211.123652339,5502587714.0
2019-07-29 00:00:00+00:00,22635588459.0,0.02219406597738972,211.339197095,5486413637.0
2019-07-30 00:00:00+00:00,22547780374.0,0.021917044737636837,210.492418908,5488509373.0
2019-07-31 00:00:00+00:00,23425015629.0,0.0216960001819,218.654145766,6003828339.0
2019-08-01 00:00:00+00:00,23337361748.0,0.0209311482474,217.808443355,5965442642.0
2019-08-02 00:00:00+00:00,23349697716.0,0.02071392551502489,217.895548193,6160741977.0
2019-08-03 00:00:00+00:00,23845116864.0,0.0205546358455,222.490335375,5697798687.0
2019-08-04 00:00:00+00:00,23867371248.0,0.0202929423182,222.66972669,5238542572.0
2019-08-05 00:00:00+00:00,25111353237.0,0.019831917783118592,234.245589875,7770508543.0
2019-08-06 00:00:00+00:00,24232708405.0,0.0196963566221,226.020649952,7647742672.0
2019-08-07 00:00:00+00:00,24275514217.0,0.0189342273026,226.391007833,7020342209.0
2019-08-08 00:00:00+00:00,23694202562.0,0.0184613018295,220.941859044,6713525643.0
2019-08-09 00:00:00+00:00,22580479833.0,0.017748948794271257,210.530162407,6961825653.0
2019-08-10 00:00:00+00:00,22176113560.0,0.018217079044,206.733534292,6584748527.0
2019-08-11 00:00:00+00:00,23183002869.0,0.0187669347385,216.092871768,6440605604.0
2019-08-12 00:00:00+00:00,22670420643.0,0.018562285872,211.288063961,5674315558.0
2019-08-13 00:00:00+00:00,22385258125.0,0.019145304438438954,208.603990803,5945770032.0
2019-08-14 00:00:00+00:00,20027397541.0,0.0186230362426,186.60774116,7444456153.0
2019-08-15 00:00:00+00:00,20233249251.0,0.0182819644304,188.50206008,8197244441.0
2019-08-16 00:00:00+00:00,19907120203.0,0.0178835037021,185.4400734,7133915837.0
2019-08-17 00:00:00+00:00,19936235952.0,0.0181568626332,185.687679251,5512696512.0
2019-08-18 00:00:00+00:00,20884307088.0,0.0188211501776,194.493530508,5969012023.0
2019-08-19 00:00:00+00:00,21810324618.0,0.0186090633622,203.091932563,6145148691.0
2019-08-20 00:00:00+00:00,21112106338.0,0.0182716017428,196.565408066,6408417609.0
2019-08-21 00:00:00+00:00,20075644244.0,0.0184434457376,186.891630451,7775772700.0
2019-08-22 00:00:00+00:00,20555295232.0,0.0188915709144,191.332912454,7569043874.0
2019-08-23 00:00:00+00:00,20920364878.0,0.0187112500546,194.706208556,6658162376.0
2019-08-24 00:00:00+00:00,20555802874.0,0.0188332244449,191.289562719,6249737981.0
2019-08-25 00:00:00+00:00,20080495261.0,0.0184869024039,186.842392623,5826017143.0
2019-08-26 00:00:00+00:00,20307338402.0,0.0182263193208,188.929374951,7207986636.0
2019-08-27 00:00:00+00:00,20158029984.0,0.0184095620711,187.516661348,6042327402.0
2019-08-28 00:00:00+00:00,18695530287.0,0.0178415406908,173.88997343,6696604087.0
2019-08-29 00:00:00+00:00,18227677830.0,0.017833790089,169.516734455,7129569082.0
2019-08-30 00:00:00+00:00,18156660600.0,0.017610705449,168.834875179,5776520220.0
2019-08-31 00:00:00+00:00,18549906271.0,0.0179249791456,172.469788861,5830212248.0
2019-09-01 00:00:00+00:00,18461846967.0,0.0175972241627,171.629420013,5554799575.0
2019-09-02 00:00:00+00:00,19186913438.0,0.017225573529,178.347353576,6503447136.0
2019-09-03 00:00:00+00:00,19312476212.0,0.016899438994070853,179.491989042,6963670286.0
2019-09-04 00:00:00+00:00,18938360722.0,0.0166209470323,175.992884274,5938120493.0
2019-09-05 00:00:00+00:00,18749645579.0,0.0164826694919,174.217126821,5589476515.0
2019-09-06 00:00:00+00:00,18293280016.0,0.016415561498584513,169.955274874,6799463425.0
2019-09-07 00:00:00+00:00,19189873688.0,0.0169593102569,178.262616376,6791531341.0
2019-09-08 00:00:00+00:00,19525276831.0,0.0173689683356,181.355524085,6472677265.0
2019-09-09 00:00:00+00:00,19505534124.0,0.0175310403723,181.149467473,7232938985.0
2019-09-10 00:00:00+00:00,19361276592.0,0.0177640062798,179.787171751,6291476771.0
2019-09-11 00:00:00+00:00,19249367782.0,0.0175623362893,178.725492594,7157139034.0
2019-09-12 00:00:00+00:00,19498542851.0,0.0174061271557,181.01609158,5838605476.0
2019-09-13 00:00:00+00:00,19511050764.0,0.0174908941543,181.109723362,5955041236.0
2019-09-14 00:00:00+00:00,20267272632.0,0.018164727014,188.10550845,6500686511.0
2019-09-15 00:00:00+00:00,20451239362.0,0.0183470422917,189.789129887,6222874780.0
2019-09-16 00:00:00+00:00,21243167876.0,0.0192026083927,197.113177378,8242029487.0
2019-09-17 00:00:00+00:00,22484889435.0,0.0204113714967,208.608748647,10232590812.0
2019-09-18 00:00:00+00:00,22787891774.0,0.0207360155372,211.393034896,9194634557.0
2019-09-19 00:00:00+00:00,23856751721.0,0.0215600274111,221.280858893,10620070912.0
2019-09-20 00:00:00+00:00,23511410671.0,0.0214134190654,218.050055201,8027974272.0
2019-09-21 00:00:00+00:00,23241121350.0,0.0215182567028,215.516209164,7743309777.0
2019-09-22 00:00:00+00:00,22833855109.0,0.02102840576317226,211.71320384,7816170257.0
2019-09-23 00:00:00+00:00,21780534855.0,0.020773657055,201.92131273,7494673136.0
2019-09-24 00:00:00+00:00,18135747380.0,0.0195963353046,168.110736232,11757739233.0
2019-09-25 00:00:00+00:00,18438188568.0,0.0201625851827,170.892695093,9766632017.0
2019-09-26 00:00:00+00:00,17991000061.0,0.0205713901622,166.727124473,7848286154.0
2019-09-27 00:00:00+00:00,18854855889.0,0.0211847615615,174.710992913,7909313624.0
2019-09-28 00:00:00+00:00,18842313324.0,0.0211942400469,174.572891745,6895423445.0
2019-09-29 00:00:00+00:00,18400853211.0,0.021033636660049287,170.461352821,6494579711.0
2019-09-30 00:00:00+00:00,19419149343.0,0.0217019716928,179.872201473,7552915148.0
2019-10-01 00:00:00+00:00,19148222891.0,0.0212774005368,177.340419656,7676276225.0
2019-10-02 00:00:00+00:00,19514521236.0,0.021534754806,180.710506299,6335595249.0
2019-10-03 00:00:00+00:00,18925969331.0,0.021216604681864648,175.238429153,6381112045.0
2019-10-04 00:00:00+00:00,19116991692.0,0.021579939567,176.985006881,6248928449.0
2019-10-05 00:00:00+00:00,19050956366.0,0.0216688124401,176.351522792,5837211771.0
2019-10-06 00:00:00+00:00,18697637484.0,0.0216967662121,173.059144782,5852890673.0
2019-10-07 00:00:00+00:00,19578142142.0,0.0219854839444,181.186333328,7844316833.0
2019-10-08 00:00:00+00:00,19670825764.0,0.0221126332057,182.021563815,7466282780.0
2019-10-09 00:00:00+00:00,20891536594.0,0.0225006568535,193.293257938,9088122101.0
2019-10-10 00:00:00+00:00,20717535746.0,0.0223332621091,191.659672427,8375913275.0
2019-10-11 00:00:00+00:00,19737401838.0,0.0219998777422,182.569691851,9128522969.0
2019-10-12 00:00:00+00:00,19551368532.0,0.021699554885,180.826640026,7494328840.0
2019-10-13 00:00:00+00:00,19688808993.0,0.0219015588937,182.075152956,6733182272.0
2019-10-14 00:00:00+00:00,20219637356.0,0.0223244942701,186.960906402,7276520699.0
2019-10-15 00:00:00+00:00,19621350992.0,0.0221237433227,181.406059693,7731456579.0
2019-10-16 00:00:00+00:00,19040429001.0,0.0218842281099,176.013511357,7691244590.0
2019-10-17 00:00:00+00:00,19260755682.0,0.0219796035338,178.028348281,6737237422.0
2019-10-18 00:00:00+00:00,18786275034.0,0.0217807395112,173.621340828,7566257807.0
2019-10-19 00:00:00+00:00,18711940303.0,0.0216466302403,172.913025758,6551453871.0
2019-10-20 00:00:00+00:00,18997957789.0,0.0213498592399,175.534373653,6801091120.0
2019-10-21 00:00:00+00:00,18933882640.0,0.0212330658056,174.920987616,6815820627.0
2019-10-22 00:00:00+00:00,18652588580.0,0.0213497891407,172.300854142,6990951966.0
2019-10-23 00:00:00+00:00,17583244177.0,0.0216887442048,162.40278776,9624925919.0
2019-10-24 00:00:00+00:00,17560021218.0,0.0216515954702,162.16854058,7300917536.0
2019-10-25 00:00:00+00:00,19673718658.0,0.020959382473917924,181.667064713,10366404681.0
2019-10-26 00:00:00+00:00,19477741704.0,0.0194456807348,179.83547805,13831784985.0
2019-10-27 00:00:00+00:00,19957408084.0,0.0192614498462,184.242211278,10815941952.0
2019-10-28 00:00:00+00:00,19788729316.0,0.0197625824165,182.662817561,10406734124.0
2019-10-29 00:00:00+00:00,20623205053.0,0.0201811920664,190.342582145,10622761957.0
2019-10-30 00:00:00+00:00,20013431226.0,0.0200486260237,184.692164388,10484902804.0
2019-10-31 00:00:00+00:00,19937256794.0,0.0200052474586,183.966917607,9607939606.0
2019-11-01 00:00:00+00:00,19945244005.0,0.01987283637471444,184.018152481,9146831239.0
2019-11-02 00:00:00+00:00,19945113596.0,0.0197319457590411,183.994825124,8094309715.0
2019-11-03 00:00:00+00:00,19777347724.0,0.0197577495273,182.425021922,8760247743.0
2019-11-04 00:00:00+00:00,20205859402.0,0.0197742876646,186.355190781,10551917945.0
2019-11-05 00:00:00+00:00,20528094420.0,0.0202538431133,189.304170553,10024177342.0
2019-11-06 00:00:00+00:00,20778894603.0,0.0204732873471,191.593841453,10156458684.0
2019-11-07 00:00:00+00:00,20389037933.0,0.0202810566522,187.976543734,9081247798.0
2019-11-08 00:00:00+00:00,19983058355.0,0.0209307168661,184.211470298,9176780911.0
2019-11-09 00:00:00+00:00,20064833999.0,0.020983902527220575,184.943355818,7276864180.0
2019-11-10 00:00:00+00:00,20559121064.0,0.0209182882383,189.477274196,8752784211.0
2019-11-11 00:00:00+00:00,20128792759.0,0.021189203191,185.489646106,7877424105.0
2019-11-12 00:00:00+00:00,20278071676.0,0.0211974466498,186.843411554,7792186666.0
2019-11-13 00:00:00+00:00,20435558744.0,0.021374534117355817,188.27250908,7350382267.0
2019-11-14 00:00:00+00:00,20191206220.0,0.0213754122432,185.999635946,7872664470.0
2019-11-15 00:00:00+00:00,19598770323.0,0.0212802126979,180.521180884,8815678477.0
2019-11-16 00:00:00+00:00,19908288589.0,0.021442633560495167,183.350825286,6789647056.0
2019-11-17 00:00:00+00:00,20102654600.0,0.0215794125239,185.119235523,7364325470.0
2019-11-18 00:00:00+00:00,19609782344.0,0.0217309856746,180.559604932,7787662111.0
2019-11-19 00:00:00+00:00,19270502747.0,0.021626480127131784,177.415277406,7633523456.0
2019-11-20 00:00:00+00:00,19086228091.0,0.0216045291912,175.6983433,7205785148.0
2019-11-21 00:00:00+00:00,17541867625.0,0.021141104061,161.462725503,8546371324.0
2019-11-22 00:00:00+00:00,16327536037.0,0.0206049140365,150.26817098,12020749863.0
2019-11-23 00:00:00+00:00,16671705910.0,0.0207528074192,153.417791778,8289198330.0
2019-11-24 00:00:00+00:00,15523459920.0,0.0203571577703,142.83470143,7782769097.0
2019-11-25 00:00:00+00:00,15921080564.0,0.0205184013577,146.476535696,10962753356.0
2019-11-26 00:00:00+00:00,16193326032.0,0.0206031571338,148.96506618,7648516297.0
2019-11-27 00:00:00+00:00,16634910472.0,0.0203444846677,153.010552055,8778095307.0
2019-11-28 00:00:00+00:00,16496129469.0,0.0203269315712,151.717573997,7346531960.0
2019-11-29 00:00:00+00:00,16887922522.0,0.0200124978815,155.304145933,7503898278.0
2019-11-30 00:00:00+00:00,16589132425.0,0.020177696667,152.539691345,6565950867.0
2019-12-01 00:00:00+00:00,16443650814.0,0.0203794769922,151.18572935,7102780297.0
2019-12-02 00:00:00+00:00,16214125031.0,0.0203799578251,149.059152693,6670561362.0
2019-12-03 00:00:00+00:00,16095928402.0,0.0202416527053,147.956415218,6204379850.0
2019-12-04 00:00:00+00:00,15966157442.0,0.0202103538507,146.747737819,7865937093.0
2019-12-05 00:00:00+00:00,16240052430.0,0.0200633439019,149.248994591,6745910228.0
2019-12-06 00:00:00+00:00,16235876300.0,0.0197571609308,149.194447774,6458766440.0
2019-12-07 00:00:00+00:00,16191247024.0,0.0196877811073,148.768162887,5911233283.0
2019-12-08 00:00:00+00:00,16460338764.0,0.019998477417314357,151.224389965,6432489182.0
2019-12-09 00:00:00+00:00,16135631419.0,0.0200392527917,148.225168781,6744206747.0
2019-12-10 00:00:00+00:00,15924221614.0,0.0200864679382,146.267046031,6859512024.0
2019-12-11 00:00:00+00:00,15637390584.0,0.019899597274332517,143.617227504,7030401979.0
2019-12-12 00:00:00+00:00,15855473988.0,0.020102348411236787,145.604010549,7890383413.0
2019-12-13 00:00:00+00:00,15785201230.0,0.019943428383379872,144.943477633,7263161942.0
2019-12-14 00:00:00+00:00,15560342506.0,0.020050534899199952,142.865000022,7044159040.0
2019-12-15 00:00:00+00:00,15589117504.0,0.02000964065990261,143.114989792,7235153411.0
2019-12-16 00:00:00+00:00,14568978201.0,0.019293989311055894,133.736848711,9002090522.0
2019-12-17 00:00:00+00:00,13276301440.0,0.018431678597222074,121.858861468,9004015265.0
2019-12-18 00:00:00+00:00,14497259978.0,0.018282530473471004,133.05277909,11859316985.0
2019-12-19 00:00:00+00:00,14092012421.0,0.017951836474025033,129.321129968,9564699140.0
2019-12-20 00:00:00+00:00,14068809870.0,0.017883259415939413,129.095966121,8176732696.0
2019-12-21 00:00:00+00:00,13961414913.0,0.01781328037588046,128.098122038,7450439983.0
2019-12-22 00:00:00+00:00,14434990259.0,0.01762437346606803,132.43086395,9114177417.0
2019-12-23 00:00:00+00:00,14021965887.0,0.017490125378396438,128.62925282,9616380933.0
2019-12-24 00:00:00+00:00,14053329148.0,0.017637822473369133,128.9047565,7946660351.0
2019-12-25 00:00:00+00:00,13798523952.0,0.017389839183871613,126.555535334,8417463744.0
2019-12-26 00:00:00+00:00,13779409347.0,0.017451426066215907,126.368206867,8588050079.0
2019-12-27 00:00:00+00:00,13883863261.0,0.017458333897507103,127.313993804,8301962573.0
2019-12-28 00:00:00+00:00,13995233088.0,0.01753524002033332,128.322711714,8069298610.0
2019-12-29 00:00:00+00:00,14702686149.0,0.01816597859823992,134.796516661,9720643993.0
2019-12-30 00:00:00+00:00,14473264561.0,0.018173752909208564,132.680650164,9795673044.0
2019-12-31 00:00:00+00:00,14142644957.0,0.018011500183891953,129.637453098,8936594458.0
2020-01-01 00:00:00+00:00,14252516403.0,0.018142100231243564,130.632217454,7921734813.0
2020-01-02 00:00:00+00:00,13902505466.0,0.018239314229088956,127.410182379,8032709256.0
2020-01-03 00:00:00+00:00,14640220491.0,0.01825938063767164,134.15444897,10458016277.0
2020-01-04 00:00:00+00:00,14742243446.0,0.01822724168154079,135.072093991,7426871714.0
2020-01-05 00:00:00+00:00,14872064467.0,0.018384613577081002,136.244924857,7517875406.0
2020-01-06 00:00:00+00:00,15737795440.0,0.018524827668808492,144.157748502,9080382294.0
2020-01-07 00:00:00+00:00,15666640241.0,0.01758012286796013,143.487828532,9259194595.0
2020-01-08 00:00:00+00:00,15425115411.0,0.01748274,141.25813442,9387194957.0
2020-01-09 00:00:00+00:00,15178151517.0,0.01763903,138.97919666,7697325348.0
2020-01-10 00:00:00+00:00,15724494553.0,0.01762846,143.96378122,9084816203.0
2020-01-11 00:00:00+00:00,15613213640.0,0.01778245,142.92711449,9332208590.0
2020-01-12 00:00:00+00:00,15974938857.0,0.017848060987417053,146.220132646,8549566767.0
2020-01-13 00:00:00+00:00,15759102081.0,0.01770913,144.22659114,8378529470.0
2020-01-14 00:00:00+00:00,18111465418.0,0.018774245315240086,165.73461492,16698723330.0
2020-01-15 00:00:00+00:00,18167930411.0,0.01887481,166.2306851,15173694057.0
2020-01-16 00:00:00+00:00,17969103321.0,0.018844,164.39101099,13735193018.0
2020-01-17 00:00:00+00:00,18669811576.0,0.01912636,170.77995796,14997091826.0
2020-01-18 00:00:00+00:00,19184656776.0,0.019624074429903344,175.467596812,15037828206.0
2020-01-19 00:00:00+00:00,18257853532.0,0.01917817,166.96984198,13713374132.0
2020-01-20 00:00:00+00:00,18276600992.0,0.01930323,167.12050934,11144529787.0
2020-01-21 00:00:00+00:00,18551018191.0,0.019392931581147705,169.608539246,9794673354.0
2020-01-22 00:00:00+00:00,18409534609.0,0.01938677,168.29416171,9209827928.0
2020-01-23 00:00:00+00:00,17824835899.0,0.01938122,162.92855843,10396868698.0
2020-01-24 00:00:00+00:00,17840465424.0,0.01930643,163.05118286,10657671162.0
2020-01-25 00:00:00+00:00,17649296256.0,0.01927424,161.28393635,8256956802.0
2020-01-26 00:00:00+00:00,18394952135.0,0.01955106,168.07710049,9261861590.0
2020-01-27 00:00:00+00:00,18709615891.0,0.01918455,170.93089043,11004476145.0
2020-01-28 00:00:00+00:00,19304940375.0,0.018845679488472326,176.347887584,11779095360.0
2020-01-29 00:00:00+00:00,19150770956.0,0.018776018269630303,174.917704987,10717236275.0
2020-01-30 00:00:00+00:00,20223232964.0,0.01942272,184.69047644,12604789338.0
2020-01-31 00:00:00+00:00,19729633078.0,0.01926738,180.16017524,11728616394.0
2020-02-01 00:00:00+00:00,20116913728.0,0.0195546,183.67394712,11569697182.0
2020-02-02 00:00:00+00:00,20660936267.0,0.02018516,188.61753817,14054425389.0
2020-02-03 00:00:00+00:00,20799817825.0,0.020429471876713103,189.861727725,12381990865.0
2020-02-04 00:00:00+00:00,20740792595.0,0.020618654304970504,189.299101593,11715197518.0
2020-02-05 00:00:00+00:00,22368492136.0,0.021224110369506756,204.129695369,14870076841.0
2020-02-06 00:00:00+00:00,23270983772.0,0.02182358,212.33907974,16425589683.0
2020-02-07 00:00:00+00:00,24412375482.0,0.02273656,222.72606629,16673443564.0
2020-02-08 00:00:00+00:00,24461492839.0,0.02261975,223.14652174,16741203125.0
2020-02-09 00:00:00+00:00,25060056859.0,0.02259424,228.57856999,15031356241.0
2020-02-10 00:00:00+00:00,24493726608.0,0.02266511692856365,223.38493801,16202943112.0
2020-02-11 00:00:00+00:00,25863852653.0,0.02310401,235.8511995,16964695963.0
2020-02-12 00:00:00+00:00,29069750724.0,0.025668341114174712,265.052689901,24528619822.0
2020-02-13 00:00:00+00:00,29399203014.0,0.026247069909625904,268.023276951,25798267086.0
2020-02-14 00:00:00+00:00,31179427623.0,0.02756151,284.21750961,23558253463.0
2020-02-15 00:00:00+00:00,29045044403.0,0.02676886,264.72858526,23682452994.0
2020-02-16 00:00:00+00:00,28518254585.0,0.026161,259.89470349,25152366643.0
2020-02-17 00:00:00+00:00,29231690264.0,0.02748808,266.3634463,26024080089.0
2020-02-18 00:00:00+00:00,30945457816.0,0.02779971,281.94457913,26511477187.0
2020-02-19 00:00:00+00:00,28514562065.0,0.02696497,259.76396274,22679414413.0
2020-02-20 00:00:00+00:00,28318879771.0,0.02684603,257.94945502,23229828870.0
2020-02-21 00:00:00+00:00,29157080018.0,0.02741477155634548,265.551572627,20869989543.0
2020-02-22 00:00:00+00:00,28807130266.0,0.02714755,262.33172097,16906032862.0
2020-02-23 00:00:00+00:00,30059800061.0,0.02757868638608458,273.705093013,19603529280.0
2020-02-24 00:00:00+00:00,29131114037.0,0.02748307,265.21641734,22400845640.0
2020-02-25 00:00:00+00:00,27223398195.0,0.02652809,247.81759228,21878882134.0
2020-02-26 00:00:00+00:00,24794645345.0,0.02558582,225.68026551,26235617201.0
2020-02-27 00:00:00+00:00,24915636231.0,0.02581292,226.75339528,25645522790.0
2020-02-28 00:00:00+00:00,24919509265.0,0.02614721,226.76050148,22563530559.0
2020-02-29 00:00:00+00:00,24162913195.0,0.02556524,219.84851255,18181296376.0
2020-03-01 00:00:00+00:00,24069393932.0,0.02557335,218.97059993,18179807469.0
2020-03-02 00:00:00+00:00,25347534007.0,0.0259953,230.56978183,20305587789.0
2020-03-03 00:00:00+00:00,24681090483.0,0.0255445,224.47962233,19853178572.0
2020-03-04 00:00:00+00:00,24688386921.0,0.02564382,224.51797637,16567075208.0
2020-03-05 00:00:00+00:00,25213804821.0,0.02525324,229.26818886,18201291785.0
2020-03-06 00:00:00+00:00,26785082139.0,0.02669488,243.52529974,19374772256.0
2020-03-07 00:00:00+00:00,26164459704.0,0.02669521,237.85309503,19431652027.0
2020-03-08 00:00:00+00:00,22079071207.0,0.02475162,200.68905226,21381823651.0
2020-03-09 00:00:00+00:00,22224520906.0,0.02549159,201.98632711,23645428606.0
2020-03-10 00:00:00+00:00,22093126953.0,0.02538232,200.76724743,18344930072.0
2020-03-11 00:00:00+00:00,21446678546.0,0.02463126,194.86852847,16984790291.0
2020-03-12 00:00:00+00:00,12403878316.0,0.02245791028174623,112.6899948,22200617827.0
2020-03-13 00:00:00+00:00,14663417618.0,0.0239412,133.20180724,27864623061.0
2020-03-14 00:00:00+00:00,13575727275.0,0.02371103,123.30602459,12740784545.0
2020-03-15 00:00:00+00:00,13787534423.0,0.02322088,125.21430431,12719251813.0
2020-03-16 00:00:00+00:00,12180483053.0,0.0220573,110.60587601,15984904590.0
2020-03-17 00:00:00+00:00,12549513954.0,0.0218046,113.94275023,12087490572.0
2020-03-18 00:00:00+00:00,12650160818.0,0.021923,114.84227304,11617854009.0
2020-03-19 00:00:00+00:00,15048018840.0,0.02206261,136.59385797,16396753275.0
2020-03-20 00:00:00+00:00,14624949757.0,0.02141344,132.73717007,18960388062.0
2020-03-21 00:00:00+00:00,14635764102.0,0.0214741,132.81870785,13684083308.0
2020-03-22 00:00:00+00:00,13590860527.0,0.02115193,123.32114775,12497707224.0
2020-03-23 00:00:00+00:00,14870079035.0,0.02102634,134.91161201,14149877968.0
2020-03-24 00:00:00+00:00,15296295171.0,0.02060364,138.76144501,14609068673.0
2020-03-25 00:00:00+00:00,15015344150.0,0.02038536,136.19589291,13433092920.0
2020-03-26 00:00:00+00:00,15255985586.0,0.02060043,138.36155734,11367261176.0
2020-03-27 00:00:00+00:00,14770071750.0,0.02070203,133.93794019,11396286629.0
2020-03-28 00:00:00+00:00,14446379743.0,0.02098405,130.98649488,12162403960.0
2020-03-29 00:00:00+00:00,13852241607.0,0.02120615,125.58373044,9938133669.0
2020-03-30 00:00:00+00:00,14661550831.0,0.02066995,132.90453806,11841123306.0
2020-03-31 00:00:00+00:00,14739376438.0,0.02074871,133.59356506,11065246317.0
2020-04-01 00:00:00+00:00,14966424710.0,0.02052961,135.63455234,12456564435.0
2020-04-02 00:00:00+00:00,15673960169.0,0.02090624,142.02914763,15322861686.0
2020-04-03 00:00:00+00:00,15682757538.0,0.0211025,142.09130987,13184603402.0
2020-04-04 00:00:00+00:00,16029973618.0,0.0211458,145.21938462,11946658257.0
2020-04-05 00:00:00+00:00,15847283514.0,0.02113737,143.54664871,11280993591.0
2020-04-06 00:00:00+00:00,18674571701.0,0.02325921,169.13588459,21636382525.0
2020-04-07 00:00:00+00:00,18231455422.0,0.02300619,165.10194252,21659346091.0
2020-04-08 00:00:00+00:00,19066388908.0,0.0235396,172.64173379,17063110836.0
2020-04-09 00:00:00+00:00,18868549702.0,0.02338904529500756,170.829264498,14909396203.0
2020-04-10 00:00:00+00:00,17499250378.0,0.02307372,158.41244861,17980944616.0
2020-04-11 00:00:00+00:00,17479687023.0,0.02306664,158.21602368,13555089447.0
2020-04-12 00:00:00+00:00,17805206568.0,0.02311581,161.14242014,15123721386.0
2020-04-13 00:00:00+00:00,17270031992.0,0.02283107,156.27954909,16465282133.0
2020-04-14 00:00:00+00:00,17414298231.0,0.02301719708502932,157.56564319699999,14714253135.0
2020-04-15 00:00:00+00:00,16943501886.0,0.02307804,153.28689291,14171753737.0
2020-04-16 00:00:00+00:00,19045184890.0,0.02420826974940064,172.279425236,22924818884.0
2020-04-17 00:00:00+00:00,18976660194.0,0.02418745,171.63858271,16714684266.0
2020-04-18 00:00:00+00:00,20668075857.0,0.02575401,186.91400584,20160323443.0
2020-04-19 00:00:00+00:00,20084614446.0,0.0252614,181.61495914,19146038381.0
2020-04-20 00:00:00+00:00,19056520718.0,0.02503606,172.29715757,21266681335.0
2020-04-21 00:00:00+00:00,19107591182.0,0.02510604,172.73770053,16458767984.0
2020-04-22 00:00:00+00:00,20200984352.0,0.02565607,182.5995748,17994666395.0
2020-04-23 00:00:00+00:00,20472236139.0,0.02490384,185.02867083,21275740032.0
2020-04-24 00:00:00+00:00,20937165934.0,0.025058979892616826,189.207401976,16785368194.0
2020-04-25 00:00:00+00:00,21637838417.0,0.02582787,195.51530068,18260969748.0
2020-04-26 00:00:00+00:00,21839976557.0,0.02569283,197.31753018,18335367012.0
2020-04-27 00:00:00+00:00,21832392036.0,0.02529949,197.2247212,18670194595.0
2020-04-28 00:00:00+00:00,21966890357.0,0.02541487,198.41538299,18217507467.0
2020-04-29 00:00:00+00:00,24023887081.0,0.02465257,216.96822385,26397548759.0
2020-04-30 00:00:00+00:00,22989647065.0,0.02397653,207.6020559,28089191904.0
2020-05-01 00:00:00+00:00,23725367639.0,0.02416523,214.21910638,20816320834.0
2020-05-02 00:00:00+00:00,23850828459.0,0.0239554,215.32538422,18260876092.0
2020-05-03 00:00:00+00:00,23367177867.0,0.0237071,210.93315693,20469034664.0
2020-05-04 00:00:00+00:00,23064379025.0,0.02335713,208.17401094,22602446422.0
2020-05-05 00:00:00+00:00,22912129590.0,0.0229671,206.77440453,19004689099.0
2020-05-06 00:00:00+00:00,22613632877.0,0.02201543,204.05578225,20343543799.0
2020-05-07 00:00:00+00:00,23528981906.0,0.02133236,212.28940579,23594744655.0
2020-05-08 00:00:00+00:00,23609735113.0,0.02163962,212.99157981,20445139356.0
2020-05-09 00:00:00+00:00,23453039841.0,0.022056976311438242,211.552192534,18950497109.0
2020-05-10 00:00:00+00:00,20911059578.0,0.02153841,188.59957044,25211575193.0
2020-05-11 00:00:00+00:00,20615704449.0,0.02161326,185.91283695,20054601647.0
2020-05-12 00:00:00+00:00,20995260629.0,0.02150184,189.31250227,15899726284.0
2020-05-13 00:00:00+00:00,22093789228.0,0.02148798,199.19328343,17054662289.0
2020-05-14 00:00:00+00:00,22513148759.0,0.0208501,202.94910077,20150524861.0
2020-05-15 00:00:00+00:00,21703086885.0,0.02097111,195.62265834,16602342092.0
2020-05-16 00:00:00+00:00,22266558227.0,0.02140096,200.6771186,15379081645.0
2020-05-17 00:00:00+00:00,22988575488.0,0.02142118,207.15869433,15470397303.0
2020-05-18 00:00:00+00:00,23808928396.0,0.02205556,214.52505521,17411566928.0
2020-05-19 00:00:00+00:00,23692084117.0,0.021947455759151364,213.446235987,14480507508.0
2020-05-20 00:00:00+00:00,23323160696.0,0.02206208,210.09673559,12730175511.0
2020-05-21 00:00:00+00:00,22192109650.0,0.02200934,199.88360555,13308321229.0
2020-05-22 00:00:00+00:00,23003786385.0,0.02256112,207.16919462,12041592114.0
2020-05-23 00:00:00+00:00,23176030659.0,0.0226613,208.69440284,10665476768.0
2020-05-24 00:00:00+00:00,22476471750.0,0.02302183,202.37035097,11833299572.0
2020-05-25 00:00:00+00:00,22806813423.0,0.02305167,205.3197501,10415044124.0
2020-05-26 00:00:00+00:00,22429962991.0,0.02285242,201.90231,10159741290.0
2020-05-27 00:00:00+00:00,23206144127.0,0.02274948,208.86342936,10631034756.0
2020-05-28 00:00:00+00:00,24428738047.0,0.02307854,219.84043132,12212469604.0
2020-05-29 00:00:00+00:00,24524484269.0,0.02337877,220.67512428,12265816557.0
2020-05-30 00:00:00+00:00,26936114604.0,0.02498301,242.34559019,15027397867.0
2020-05-31 00:00:00+00:00,25662708954.0,0.024394534261197445,230.860252561,13061805520.0
2020-06-01 00:00:00+00:00,27459257209.0,0.02429283,246.99176033,13951727936.0
2020-06-02 00:00:00+00:00,26376031890.0,0.02489233,237.21906153,13782107567.0
2020-06-03 00:00:00+00:00,27153238868.0,0.02528595,244.17932405,9861760817.0
2020-06-04 00:00:00+00:00,27184018611.0,0.02493985,244.42638758,10170414304.0
2020-06-05 00:00:00+00:00,26830954614.0,0.02495693,241.22199176,9293963914.0
2020-06-06 00:00:00+00:00,26913140925.0,0.02506105,241.93132012,8114873845.0
2020-06-07 00:00:00+00:00,27276459502.0,0.02512255,245.16725914,9544883157.0
2020-06-08 00:00:00+00:00,27406923226.0,0.025207,246.30989856,8076783299.0
2020-06-09 00:00:00+00:00,27254678255.0,0.02500193,244.91145382,8446545788.0
2020-06-10 00:00:00+00:00,27539945413.0,0.02507017,247.44494373,8792990206.0
2020-06-11 00:00:00+00:00,25782430829.0,0.024850675322573585,231.625462209,12358624699.0
2020-06-12 00:00:00+00:00,26438827420.0,0.0250498,237.49321028,8868955009.0
2020-06-13 00:00:00+00:00,26599679550.0,0.02521392,238.9088428,7141624980.0
2020-06-14 00:00:00+00:00,26069111857.0,0.02494087,234.11469521,7439385176.0
2020-06-15 00:00:00+00:00,25606145743.0,0.02432929,229.92890176,10536099884.0
2020-06-16 00:00:00+00:00,26109047392.0,0.02457702,234.4161741,7965648016.0
2020-06-17 00:00:00+00:00,25957610764.0,0.02458038,233.02827948,7701391592.0
2020-06-18 00:00:00+00:00,25857495155.0,0.02466055,232.10116263,6713800872.0
2020-06-19 00:00:00+00:00,25307718819.0,0.02445498,227.13828979,6946372590.0
2020-06-20 00:00:00+00:00,25548837121.0,0.02456771,229.27425679,6252830566.0
2020-06-21 00:00:00+00:00,25520273837.0,0.02461296,228.9898205,5600408178.0
2020-06-22 00:00:00+00:00,27032930743.0,0.02513631,242.53319314,9079586552.0
2020-06-23 00:00:00+00:00,27215606543.0,0.02535315,244.14214431,6624530348.0
2020-06-24 00:00:00+00:00,26285822239.0,0.02531483,235.77246209,8815030025.0
2020-06-25 00:00:00+00:00,25966236726.0,0.025146054113775948,232.877481261,6998894446.0
2020-06-26 00:00:00+00:00,25611500297.0,0.02506495,229.66803925,7187490226.0
2020-06-27 00:00:00+00:00,24866429445.0,0.02464899,222.95978594,6918380955.0
2020-06-28 00:00:00+00:00,25135786986.0,0.02464539,225.34716843,6205925718.0
2020-06-29 00:00:00+00:00,25456513994.0,0.02482847,228.1948667,6726164653.0
2020-06-30 00:00:00+00:00,25249913730.0,0.02476638,226.31499736,6094093001.0
2020-07-01 00:00:00+00:00,25807985770.0,0.025055292994762782,231.288908687,6476432950.0
2020-07-02 00:00:00+00:00,25591279427.0,0.025128975524619998,229.318955364,6212519193.0
2020-07-03 00:00:00+00:00,25144568353.0,0.024799942819377044,225.288477168,5108995311.0
2020-07-04 00:00:00+00:00,25570190315.0,0.02508343,229.07411229,5228310135.0
2020-07-05 00:00:00+00:00,25415950649.0,0.02508993,227.66459871,5292172429.0
2020-07-06 00:00:00+00:00,26964937043.0,0.02575979,241.51022512,8782917553.0
2020-07-07 00:00:00+00:00,26696376073.0,0.02583964,239.07552833,6441497597.0
2020-07-08 00:00:00+00:00,27547785703.0,0.02616263,246.67001536,9892586411.0
2020-07-09 00:00:00+00:00,27143016879.0,0.0261928,243.01596783,8429099199.0
2020-07-10 00:00:00+00:00,26919422187.0,0.02597155,240.98498521,7281370522.0
2020-07-11 00:00:00+00:00,26752161985.0,0.02591442,239.45817693,5643067316.0
2020-07-12 00:00:00+00:00,27054158346.0,0.02610162,242.13169523,6596394718.0
2020-07-13 00:00:00+00:00,26775071858.0,0.02592109,239.60458484,7787751468.0
2020-07-14 00:00:00+00:00,26846147251.0,0.02598788,240.21149418,7357458555.0
2020-07-15 00:00:00+00:00,26649577378.0,0.02593579,238.42352695,6189328448.0
2020-07-16 00:00:00+00:00,26118155895.0,0.02558422,233.64088301,5832057567.0
2020-07-17 00:00:00+00:00,26024301468.0,0.02543581,232.77308561,5859850529.0
2020-07-18 00:00:00+00:00,26330601164.0,0.02571053,235.48380522,5397402117.0
2020-07-19 00:00:00+00:00,26669691075.0,0.02596258,238.48752372,6251377305.0
2020-07-20 00:00:00+00:00,26411853756.0,0.02576901,236.15316771,5600686192.0
2020-07-21 00:00:00+00:00,27406496758.0,0.02613543,245.01672849,6806696015.0
2020-07-22 00:00:00+00:00,29331058164.0,0.02752553,262.19065629,7702077383.0
2020-07-23 00:00:00+00:00,30733019165.0,0.02866997,274.68904905,10281309262.0
2020-07-24 00:00:00+00:00,31243266716.0,0.0292774,279.21540948,9466060358.0
2020-07-25 00:00:00+00:00,34027002730.0,0.03142019,304.0567612,10785021813.0
2020-07-26 00:00:00+00:00,34656472193.0,0.03126082,309.64360929,12003973026.0
2020-07-27 00:00:00+00:00,35989428749.0,0.02925282,321.51408818,15644257058.0
2020-07-28 00:00:00+00:00,35450097600.0,0.02901699,316.65725234,12357108065.0
2020-07-29 00:00:00+00:00,35626126751.0,0.02866464,318.19088442,10878845706.0
2020-07-30 00:00:00+00:00,37466380887.0,0.03011252,334.58662928,11827689045.0
2020-07-31 00:00:00+00:00,38699278449.0,0.03051668,345.55464931,12030600492.0
2020-08-01 00:00:00+00:00,43144477508.0,0.03275621,385.19971932,14045259477.0
2020-08-02 00:00:00+00:00,41522323563.0,0.03353398,370.67171149,18909744275.0
2020-08-03 00:00:00+00:00,43277729882.0,0.0343485,386.29517344,12834648062.0
2020-08-04 00:00:00+00:00,43684129572.0,0.03479201,389.87548514,14086704221.0
2020-08-05 00:00:00+00:00,45002213069.0,0.03418658,401.59058634,12875466638.0
2020-08-06 00:00:00+00:00,44294526779.0,0.03355381812811981,395.226876502,11304999634.0
2020-08-07 00:00:00+00:00,42538578850.0,0.03271247,379.51285504,12751687084.0
2020-08-08 00:00:00+00:00,44166324646.0,0.0335193,393.98737606,9342060531.0
2020-08-09 00:00:00+00:00,43850292041.0,0.03349856,391.12045494,9451065592.0
2020-08-10 00:00:00+00:00,44390944341.0,0.03331985084738509,395.894723854,11673942342.0
2020-08-11 00:00:00+00:00,42656945169.0,0.03333624,380.38406829,12792218737.0
2020-08-12 00:00:00+00:00,43855501072.0,0.03375282,391.02416206,12408772745.0
2020-08-13 00:00:00+00:00,48091569052.0,0.03638296,428.74178228,18480303526.0
2020-08-14 00:00:00+00:00,49068474083.0,0.03716566,437.39783952,15064589987.0
2020-08-15 00:00:00+00:00,48620820125.0,0.03652165,433.35492649,12416067894.0
2020-08-16 00:00:00+00:00,48696162472.0,0.036481695194062205,433.973761033,12176926361.0
2020-08-17 00:00:00+00:00,48203426751.0,0.03505118,429.53125233,13227089410.0
2020-08-18 00:00:00+00:00,47551407033.0,0.03533159,423.66931565,11978984079.0
2020-08-19 00:00:00+00:00,45625864918.0,0.03456829,406.46378682,13137391167.0
2020-08-20 00:00:00+00:00,46718685675.0,0.03503517829836008,416.148774123,10044790519.0
2020-08-21 00:00:00+00:00,43679622677.0,0.033579203814136385,389.031111405,11785462717.0
2020-08-22 00:00:00+00:00,44448918222.0,0.0338847,395.83514122,10131847985.0
2020-08-23 00:00:00+00:00,43954518396.0,0.03355247,391.38449984,8137303970.0
2020-08-24 00:00:00+00:00,45842265023.0,0.03466312,408.14420715,10328860398.0
2020-08-25 00:00:00+00:00,43135697974.0,0.03378466,384.00104304,12428442042.0
2020-08-26 00:00:00+00:00,43417926668.0,0.03363979,386.46612421,9967343483.0
2020-08-27 00:00:00+00:00,42992439543.0,0.03379133,382.63263212,10457777652.0
2020-08-28 00:00:00+00:00,44485705032.0,0.03429713,395.87466609,9120674421.0
2020-08-29 00:00:00+00:00,44945899480.0,0.03475503,399.92147104,8777703481.0
2020-08-30 00:00:00+00:00,48151884394.0,0.03657905,428.3957176,11211948040.0
2020-08-31 00:00:00+00:00,48909170052.0,0.03724736,435.07974527,12774741797.0
2020-09-01 00:00:00+00:00,53633933560.0,0.03985237,477.05192415,18862763756.0
2020-09-02 00:00:00+00:00,49478789435.0,0.03855259,440.04050689,19691854014.0
2020-09-03 00:00:00+00:00,43370721326.0,0.0376438,385.67192837,19622845896.0
2020-09-04 00:00:00+00:00,43665020996.0,0.03693379,388.24114042,16747106257.0
2020-09-05 00:00:00+00:00,37710860058.0,0.032967,335.26007908,29880047640.0
2020-09-06 00:00:00+00:00,39751917523.0,0.03437259,353.36226568,27643678917.0
2020-09-07 00:00:00+00:00,39679199320.0,0.03401045,352.67349475,21763614732.0
2020-09-08 00:00:00+00:00,37988119627.0,0.03332197,337.6021119,17991403432.0
2020-09-09 00:00:00+00:00,39512826170.0,0.03428023,351.11001653,14547933520.0
2020-09-10 00:00:00+00:00,41430053162.0,0.03552031,368.10190707,31421134556.0
2020-09-11 00:00:00+00:00,42177302259.0,0.03602525,374.69558876,27296269329.0
2020-09-12 00:00:00+00:00,43588199422.0,0.0370788,387.18310961,13295405814.0
2020-09-13 00:00:00+00:00,41160025962.0,0.03541056,365.57000505,15005899191.0
2020-09-14 00:00:00+00:00,42482307939.0,0.03532203,377.26887507,17536695361.0
2020-09-15 00:00:00+00:00,41087642853.0,0.03379095,364.83921823,16140584321.0
2020-09-16 00:00:00+00:00,41208171319.0,0.03334159846039504,365.865769814,16096106965.0
2020-09-17 00:00:00+00:00,43821351213.0,0.03553015,389.01921969,19899531080.0
2020-09-18 00:00:00+00:00,43265818444.0,0.03509116175018277,384.041666526,14093115169.0
2020-09-19 00:00:00+00:00,43440360815.0,0.03475143,385.5443836,11049507684.0
2020-09-20 00:00:00+00:00,41812641074.0,0.03392244,371.05282619,12292195784.0
2020-09-21 00:00:00+00:00,38519366615.0,0.03266848,341.78607406,17398267133.0
2020-09-22 00:00:00+00:00,38830213878.0,0.03269008,344.50316232,12732578043.0
2020-09-23 00:00:00+00:00,36196531454.0,0.03134008,321.11631734,12899346599.0
2020-09-24 00:00:00+00:00,39384347822.0,0.03246779,349.35558514,15714304470.0
2020-09-25 00:00:00+00:00,39707914546.0,0.03293674,352.18324474,14381086966.0
2020-09-26 00:00:00+00:00,40085290850.0,0.03306643,355.48809037,13049148579.0
2020-09-27 00:00:00+00:00,40309981004.0,0.03317212,357.43849724,13598126926.0
2020-09-28 00:00:00+00:00,40057637361.0,0.03316255,355.15942359,14258455166.0
2020-09-29 00:00:00+00:00,40581050364.0,0.03317375,359.75739393,11600013236.0
2020-09-30 00:00:00+00:00,40616063764.0,0.03338009099901345,360.004652631,9735763599.0
2020-10-01 00:00:00+00:00,39851388059.0,0.03326028,353.20591482,14679481911.0
2020-10-02 00:00:00+00:00,39069960290.0,0.03273825,346.2389138,14215390463.0
2020-10-03 00:00:00+00:00,39106512854.0,0.03284778,346.52208572,10060167889.0
2020-10-04 00:00:00+00:00,39794771396.0,0.03304525,352.5790067,10696959020.0
2020-10-05 00:00:00+00:00,39954971652.0,0.032794,353.95677154,11809507622.0
2020-10-06 00:00:00+00:00,38476195645.0,0.03213908,340.81584538,12830796112.0
2020-10-07 00:00:00+00:00,38592810957.0,0.03203765,341.80866898,11929918060.0
2020-10-08 00:00:00+00:00,39608808457.0,0.03213414,350.76615934,13461017711.0
2020-10-09 00:00:00+00:00,41287658660.0,0.03304188,365.59047723,13043501763.0
2020-10-10 00:00:00+00:00,41899893524.0,0.03283956,370.96758819,13618484324.0
2020-10-11 00:00:00+00:00,42376475415.0,0.03295292,375.14204941,12584512533.0
2020-10-12 00:00:00+00:00,43805601681.0,0.03355423,387.7312655,15867455424.0
2020-10-13 00:00:00+00:00,43072303018.0,0.03336199,381.19076126,14226744838.0
2020-10-14 00:00:00+00:00,42884585295.0,0.03320214,379.48403791,13918846567.0
2020-10-15 00:00:00+00:00,42659015495.0,0.03283431,377.44184574,14964182545.0
2020-10-16 00:00:00+00:00,41396681083.0,0.03234632,366.22901728,14670784393.0
2020-10-17 00:00:00+00:00,41698592886.0,0.03247514,368.85594038,10951115359.0
2020-10-18 00:00:00+00:00,42761561164.0,0.03293581,378.21369795,11047103109.0
2020-10-19 00:00:00+00:00,42961460206.0,0.03235687,379.93560927,12811242092.0
2020-10-20 00:00:00+00:00,41745418861.0,0.03097739,369.13691491,13741586582.0
2020-10-21 00:00:00+00:00,44354670582.0,0.03058324,392.18996695,20241324322.0
2020-10-22 00:00:00+00:00,46795599921.0,0.03191242,413.77299269,15772846485.0
2020-10-23 00:00:00+00:00,46356841440.0,0.03168739,409.76669164,14256222052.0
2020-10-24 00:00:00+00:00,46666915712.0,0.03146595,412.45761883,12201739194.0
2020-10-25 00:00:00+00:00,45966378925.0,0.03117277,406.2177613,10890207469.0
2020-10-26 00:00:00+00:00,44576504574.0,0.03012473,393.88831313,15155684229.0
2020-10-27 00:00:00+00:00,45726046137.0,0.02958771,403.99704505,13940434102.0
2020-10-28 00:00:00+00:00,43994384280.0,0.02928509,388.65077072,15276441134.0
2020-10-29 00:00:00+00:00,43782246356.0,0.02877909,386.7301135,12920477749.0
2020-10-30 00:00:00+00:00,43344676043.0,0.02825965,382.81999199,13688056970.0
2020-10-31 00:00:00+00:00,43776829150.0,0.02805243,386.59033529,11276963426.0
2020-11-01 00:00:00+00:00,44888307221.0,0.0288531,396.35818693,10475146018.0
2020-11-02 00:00:00+00:00,43398380101.0,0.02827623,383.15673256,13997574252.0
2020-11-03 00:00:00+00:00,43907159817.0,0.0277845,387.60217328,12588494762.0
2020-11-04 00:00:00+00:00,45559668259.0,0.02845269,402.14199843,15126077675.0
2020-11-05 00:00:00+00:00,46916321971.0,0.02657711,414.06733818,15440711038.0
2020-11-06 00:00:00+00:00,51528636308.0,0.02921256,454.71929029,16738305610.0
2020-11-07 00:00:00+00:00,49380744878.0,0.02937309,435.71313513,18873289788.0
2020-11-08 00:00:00+00:00,51408911250.0,0.02930022,453.55478553,11292383601.0
2020-11-09 00:00:00+00:00,50350406402.0,0.02896908,444.16305707,13704320630.0
2020-11-10 00:00:00+00:00,50981825542.0,0.02940831,449.67962112,12090381666.0
2020-11-11 00:00:00+00:00,52493805532.0,0.02948542,462.96052774,14075403511.0
2020-11-12 00:00:00+00:00,52278353038.0,0.02832364,461.00527114,12877327234.0
2020-11-13 00:00:00+00:00,53829432990.0,0.02908641,474.62642092,13191505725.0
2020-11-14 00:00:00+00:00,52193800907.0,0.02863741,460.14983674,10312037942.0
2020-11-15 00:00:00+00:00,50771836456.0,0.02805031,447.55909533,10308617165.0
2020-11-16 00:00:00+00:00,52197664785.0,0.0275292,460.07382358,10653765696.0
2020-11-17 00:00:00+00:00,54505786216.0,0.02722295,480.36008258,14593057877.0
2020-11-18 00:00:00+00:00,54412825617.0,0.02693125,479.48406975,17880199224.0
2020-11-19 00:00:00+00:00,53528035617.0,0.02647068,471.63041968,12473929218.0
2020-11-20 00:00:00+00:00,57860686204.0,0.02737425,509.74457334,18629943296.0
2020-11-21 00:00:00+00:00,62379287099.0,0.02947537,549.48662086,20757099184.0
2020-11-22 00:00:00+00:00,63361036975.0,0.03037932,558.06809523,21967049601.0
2020-11-23 00:00:00+00:00,69089845802.0,0.03313276,608.45402857,27272302872.0
2020-11-24 00:00:00+00:00,68580780139.0,0.03160533,603.89774601,23281758100.0
2020-11-25 00:00:00+00:00,64816875593.0,0.03046567,570.68661621,20088492893.0
2020-11-26 00:00:00+00:00,58930920929.0,0.0302497,518.80117389,31104004592.0
2020-11-27 00:00:00+00:00,58789344389.0,0.03024793,517.49368769,16831105703.0
2020-11-28 00:00:00+00:00,61152393529.0,0.03037857,538.22980058,14770243833.0
2020-11-29 00:00:00+00:00,65424084296.0,0.03167424,575.75804789,15017517758.0
2020-11-30 00:00:00+00:00,69873714778.0,0.03132822,614.84252202,20276867833.0
2020-12-01 00:00:00+00:00,66754367842.0,0.03123567,587.32418713,27178964465.0
2020-12-02 00:00:00+00:00,68015797685.0,0.03116241,598.35234223,16883292129.0
2020-12-03 00:00:00+00:00,70110808538.0,0.03171489,616.70875486,16146190946.0
2020-12-04 00:00:00+00:00,64734997135.0,0.03044713,569.35419749,16337589997.0
2020-12-05 00:00:00+00:00,67840334209.0,0.03114693,596.59547474,13498010566.0
2020-12-06 00:00:00+00:00,68452719868.0,0.03111425,601.90899244,11290893016.0
2020-12-07 00:00:00+00:00,67315962016.0,0.03083862,591.84337934,10720480962.0
2020-12-08 00:00:00+00:00,63113292237.0,0.03028347,554.82775708,14398919320.0
2020-12-09 00:00:00+00:00,65242758700.0,0.03090879,573.47911163,15855915840.0
2020-12-10 00:00:00+00:00,63680254165.0,0.03064214,559.67850106,11672582040.0
2020-12-11 00:00:00+00:00,62108208317.0,0.03022317,545.79734103,11098819124.0
2020-12-12 00:00:00+00:00,64706942226.0,0.03023706,568.56731778,8534557897.0
2020-12-13 00:00:00+00:00,67115726662.0,0.03080407,589.6632225,9070377862.0
2020-12-14 00:00:00+00:00,66708003325.0,0.03044745,586.01115197,8125837102.0
2020-12-15 00:00:00+00:00,67096668322.0,0.03035244,589.35560245,9326645840.0
2020-12-16 00:00:00+00:00,72436347872.0,0.02985284,636.18184867,15817248373.0
2020-12-17 00:00:00+00:00,73206412681.0,0.02818963,642.86896702,25479532147.0
2020-12-18 00:00:00+00:00,74575304995.0,0.02830033,654.81192689,15756303983.0
2020-12-19 00:00:00+00:00,75095087629.0,0.02762055,659.29792646,12830893778.0
2020-12-20 00:00:00+00:00,72711065645.0,0.02718758,638.29084637,13375855442.0
2020-12-21 00:00:00+00:00,69475834115.0,0.02674278,609.81787165,14419493621.0
2020-12-22 00:00:00+00:00,70858544267.0,0.02652128,621.8808396,12930480062.0
2020-12-23 00:00:00+00:00,66517758494.0,0.02511535,583.71459689,15261413038.0
2020-12-24 00:00:00+00:00,69704465560.0,0.02576713,611.60718693,14317413703.0
2020-12-25 00:00:00+00:00,71400061460.0,0.02539696,626.41070163,13520927700.0
2020-12-26 00:00:00+00:00,72483025275.0,0.02405095,635.83583086,14761125202.0
2020-12-27 00:00:00+00:00,77828069141.0,0.02598336,682.6423591,26093552821.0
2020-12-28 00:00:00+00:00,83282601745.0,0.02696705,730.39736483,24222565862.0
2020-12-29 00:00:00+00:00,83420334909.0,0.02673447,731.52011874,18710683199.0
2020-12-30 00:00:00+00:00,85722581849.0,0.02606082,751.61897194,17294574210.0
2020-12-31 00:00:00+00:00,84156810765.0,0.02543999,737.80339769,13926846861.0
2021-01-01 00:00:00+00:00,83318539689.0,0.02486429,730.36756913,13652004358.0
2021-01-02 00:00:00+00:00,88367612520.0,0.02410834,774.53496804,19740771179.0
2021-01-03 00:00:00+00:00,111309985611.0,0.0297574,975.50767291,45200463368.0
2021-01-04 00:00:00+00:00,118709509272.0,0.03253584,1040.23304833,56945985763.0
2021-01-05 00:00:00+00:00,125545618320.0,0.03236033,1100.00609944,41535932781.0
2021-01-06 00:00:00+00:00,137786204517.0,0.03278026,1207.11223389,44699914188.0
2021-01-07 00:00:00+00:00,139921813992.0,0.03113146,1225.67813488,40468027280.0
2021-01-08 00:00:00+00:00,139769385933.0,0.03000659,1224.19714489,44334826666.0
2021-01-09 00:00:00+00:00,146280792179.0,0.03182441,1281.07729102,33233105361.0
2021-01-10 00:00:00+00:00,144147690009.0,0.03290834,1262.24666381,40616938053.0
2021-01-11 00:00:00+00:00,124508608482.0,0.03065077,1090.14537315,60733630300.0
2021-01-12 00:00:00+00:00,119187795980.0,0.03075895,1043.43458391,37494601692.0
2021-01-13 00:00:00+00:00,129175741557.0,0.03030144,1130.73940242,30109792795.0
2021-01-14 00:00:00+00:00,139212433452.0,0.03109304,1218.45297846,33410915929.0
2021-01-15 00:00:00+00:00,133902070141.0,0.0318214,1171.83461074,35972039310.0
2021-01-16 00:00:00+00:00,140969419372.0,0.03409621,1233.53756838,32319240157.0
2021-01-17 00:00:00+00:00,140601384430.0,0.03437073,1230.17227237,29258032819.0
2021-01-18 00:00:00+00:00,143716601983.0,0.03432369,1257.27950247,25817455560.0
2021-01-19 00:00:00+00:00,157454089945.0,0.03818418,1377.29584154,47195935190.0
2021-01-20 00:00:00+00:00,158042129137.0,0.03888499,1382.27409433,46784030909.0
2021-01-21 00:00:00+00:00,128249677791.0,0.03638428,1121.57091957,45932464754.0
2021-01-22 00:00:00+00:00,141409699225.0,0.03746352,1236.51220729,43918338506.0
2021-01-23 00:00:00+00:00,140794949838.0,0.03838731,1230.99063605,27253895441.0
2021-01-24 00:00:00+00:00,159184556292.0,0.04309806,1391.60940757,36418163554.0
2021-01-25 00:00:00+00:00,151516304275.0,0.04091944,1324.414778,43565777745.0
2021-01-26 00:00:00+00:00,155269118237.0,0.04166609,1357.0581398,41572917750.0
2021-01-27 00:00:00+00:00,143401382573.0,0.04117917,1253.18713315,39394416990.0
2021-01-28 00:00:00+00:00,152494242714.0,0.03981618,1332.49224455,34637234789.0
2021-01-29 00:00:00+00:00,158238360146.0,0.04028754,1382.52281244,53611955259.0
2021-01-30 00:00:00+00:00,157523498333.0,0.04015567,1376.11553895,30616574234.0
2021-01-31 00:00:00+00:00,150543956657.0,0.03971046,1314.9862286,25198853581.0
2021-02-01 00:00:00+00:00,152616636429.0,0.03938714,1332.95859544,27244249432.0
2021-02-02 00:00:00+00:00,173505318779.0,0.04266915,1515.19376962,45437142801.0
2021-02-03 00:00:00+00:00,190213812447.0,0.04432391,1660.909542,41874566399.0
2021-02-04 00:00:00+00:00,182660183410.0,0.043188,1594.76269414,44396871836.0
2021-02-05 00:00:00+00:00,196873128687.0,0.04505655,1718.65087218,40108628454.0
2021-02-06 00:00:00+00:00,192221649234.0,0.04273026,1677.84684697,39873420648.0
2021-02-07 00:00:00+00:00,184955254625.0,0.04149319,1614.22782334,39889440151.0
2021-02-08 00:00:00+00:00,200147673571.0,0.03780845,1746.61684904,48012285956.0
2021-02-09 00:00:00+00:00,202625894959.0,0.03803772,1768.03501655,44180727529.0
2021-02-10 00:00:00+00:00,199922942888.0,0.03883157,1744.24343196,41916084617.0
2021-02-11 00:00:00+00:00,204480686291.0,0.03723279,1783.79795026,36021495262.0
2021-02-12 00:00:00+00:00,211353402278.0,0.03880725,1843.53258814,37905036865.0
2021-02-13 00:00:00+00:00,208004282358.0,0.03851162,1814.10985253,35359490535.0
2021-02-14 00:00:00+00:00,206994111570.0,0.03705223,1805.08404652,31439114900.0
2021-02-15 00:00:00+00:00,204117703894.0,0.03712147,1779.79097807,38955610883.0
2021-02-16 00:00:00+00:00,204288110917.0,0.03620065,1781.06747722,34269369268.0
2021-02-17 00:00:00+00:00,212042961268.0,0.0354457,1848.4582725,35955412703.0
2021-02-18 00:00:00+00:00,222277377811.0,0.03748949,1937.44925643,28255902969.0
2021-02-19 00:00:00+00:00,224910293534.0,0.035073,1960.16474353,26268814253.0
2021-02-20 00:00:00+00:00,220274162486.0,0.03421658,1919.5340028,34696091102.0
2021-02-21 00:00:00+00:00,222144116574.0,0.03363926,1935.60106022,23626547717.0
2021-02-22 00:00:00+00:00,204538978050.0,0.03287366,1781.99297558,42409646036.0
2021-02-23 00:00:00+00:00,180251030148.0,0.03216021,1570.20392529,52029864713.0
2021-02-24 00:00:00+00:00,186743952486.0,0.03272437,1626.57570543,31329000537.0
2021-02-25 00:00:00+00:00,169442679395.0,0.03133538,1475.70373513,24481681873.0
2021-02-26 00:00:00+00:00,166055498546.0,0.03120503,1446.0336503,31435997881.0
2021-02-27 00:00:00+00:00,167675937684.0,0.03160905,1459.97312093,20742103233.0
2021-02-28 00:00:00+00:00,162650415374.0,0.03137171,1416.0489059,27637026080.0
2021-03-01 00:00:00+00:00,179746905786.0,0.03152667,1564.70764686,24032838645.0
2021-03-02 00:00:00+00:00,171484736319.0,0.03085242,1492.60881427,22523669722.0
2021-03-03 00:00:00+00:00,181069778316.0,0.0311814,1575.85312451,22674780680.0
2021-03-04 00:00:00+00:00,177191062441.0,0.031752,1541.91428551,22906118717.0
2021-03-05 00:00:00+00:00,176219185802.0,0.03133782,1533.27497556,21067146937.0
2021-03-06 00:00:00+00:00,190201808027.0,0.03383073,1654.74151694,22746262366.0
2021-03-07 00:00:00+00:00,198088541070.0,0.03365095,1723.15379607,23809935410.0
2021-03-08 00:00:00+00:00,210939589076.0,0.03511675,1834.72788609,27630991158.0
2021-03-09 00:00:00+00:00,214795762868.0,0.03407349,1868.04878133,23461244507.0
2021-03-10 00:00:00+00:00,206899711010.0,0.03212306,1799.16622355,25154173185.0
2021-03-11 00:00:00+00:00,210032453964.0,0.03159227,1826.19498661,24013132909.0
2021-03-12 00:00:00+00:00,203835039480.0,0.03090944,1772.10247833,22435821312.0
2021-03-13 00:00:00+00:00,221411849363.0,0.03142698,1924.68543997,25014689475.0
2021-03-14 00:00:00+00:00,213370626930.0,0.03127305,1854.56437805,19344589211.0
2021-03-15 00:00:00+00:00,206162475256.0,0.03204779,1791.70230241,26244738810.0
2021-03-16 00:00:00+00:00,207943962562.0,0.03181014,1806.9717631,23828509590.0
2021-03-17 00:00:00+00:00,209864815743.0,0.0309737,1823.44937973,24512917348.0
2021-03-18 00:00:00+00:00,205216840694.0,0.03081383,1782.85512445,23263845504.0
2021-03-19 00:00:00+00:00,209243467429.0,0.03115216,1817.62409241,21249297710.0
2021-03-20 00:00:00+00:00,208693780293.0,0.03108423,1812.63460132,22677674970.0
2021-03-21 00:00:00+00:00,205906557856.0,0.03108676,1788.21700883,22977404620.0
2021-03-22 00:00:00+00:00,194773638866.0,0.03101706,1691.33401831,23599296129.0
2021-03-23 00:00:00+00:00,193335618291.0,0.03066647,1678.65013849,21998237965.0
2021-03-24 00:00:00+00:00,183540070277.0,0.030193,1593.4134567,31228051473.0
2021-03-25 00:00:00+00:00,183786054252.0,0.03085553,1595.359192,29650328701.0
2021-03-26 00:00:00+00:00,196191139867.0,0.03088366,1702.84201957,22548516548.0
2021-03-27 00:00:00+00:00,197787142643.0,0.0306662,1716.49461243,18102277710.0
2021-03-28 00:00:00+00:00,194913443083.0,0.03022937,1691.35596451,16599472938.0
2021-03-29 00:00:00+00:00,209726738382.0,0.03150959,1819.68496282,22796570548.0
2021-03-30 00:00:00+00:00,212788788571.0,0.03133242,1846.03369779,22512781703.0
2021-03-31 00:00:00+00:00,221151811159.0,0.0325594,1918.36206064,30226902621.0
2021-04-01 00:00:00+00:00,227970125751.0,0.03345884,1977.27688844,30914259795.0
2021-04-02 00:00:00+00:00,247132282844.0,0.03609077,2143.22563228,34862511022.0
2021-04-03 00:00:00+00:00,233921770622.0,0.03521329,2028.4224386,32011518871.0
2021-04-04 00:00:00+00:00,241411837678.0,0.03562244,2093.12285275,26006501902.0
2021-04-05 00:00:00+00:00,243143128760.0,0.03569189,2107.88709669,28889391170.0
2021-04-06 00:00:00+00:00,244382061190.0,0.03640304,2118.37895913,29222865881.0
2021-04-07 00:00:00+00:00,227414944866.0,0.03516708,1971.07725542,36116271935.0
2021-04-08 00:00:00+00:00,241000078758.0,0.03580988,2088.57365088,25312956529.0
2021-04-09 00:00:00+00:00,239127946688.0,0.03557574,2072.10887563,19812472092.0
2021-04-10 00:00:00+00:00,246523420885.0,0.03572214,2135.9422007,24986243611.0
2021-04-11 00:00:00+00:00,249059103192.0,0.03583852,2157.65703708,19692836132.0
2021-04-12 00:00:00+00:00,246975320276.0,0.03571932,2139.35319598,21727936609.0
2021-04-13 00:00:00+00:00,265458239569.0,0.03620571,2299.18778599,29456642939.0
2021-04-14 00:00:00+00:00,281183637540.0,0.03858528,2435.10501889,35592822986.0
2021-04-15 00:00:00+00:00,290918491377.0,0.03978766,2519.11610012,32325606817.0
2021-04-16 00:00:00+00:00,280884355082.0,0.0394971,2431.94650379,36196928256.0
2021-04-17 00:00:00+00:00,270861474697.0,0.03864119,2344.89498097,32349808978.0
2021-04-18 00:00:00+00:00,258444691650.0,0.03979525,2237.13702776,50696368718.0
2021-04-19 00:00:00+00:00,250277144257.0,0.03887335,2166.1887655,34060654971.0
2021-04-20 00:00:00+00:00,269259968844.0,0.04126237,2330.21093719,39433483315.0
2021-04-21 00:00:00+00:00,273282959377.0,0.04386799,2364.75182249,38899067643.0
2021-04-22 00:00:00+00:00,277797467179.0,0.04643411,2403.53524134,53575904724.0
2021-04-23 00:00:00+00:00,273212191169.0,0.04625988,2363.58620073,55413933925.0
2021-04-24 00:00:00+00:00,255676477656.0,0.04418756,2211.62580802,31854226936.0
2021-04-25 00:00:00+00:00,267780847561.0,0.04726242,2316.05965928,31814355546.0
2021-04-26 00:00:00+00:00,293069092286.0,0.04691595,2534.4817987,35208325408.0
2021-04-27 00:00:00+00:00,307950352777.0,0.0483866,2662.86524559,32275969215.0
2021-04-28 00:00:00+00:00,317645696234.0,0.05009384,2746.38005291,34269031076.0
2021-04-29 00:00:00+00:00,318896956050.0,0.05147739,2756.87699416,32578127990.0
2021-04-30 00:00:00+00:00,320822874721.0,0.04802076,2773.20713193,29777179889.0
2021-05-01 00:00:00+00:00,340840444354.0,0.05094228,2945.89270802,28726205272.0
2021-05-02 00:00:00+00:00,341593133886.0,0.05212785,2952.05605494,28032013047.0
2021-05-03 00:00:00+00:00,397069786479.0,0.05998372,3431.08613981,49174290212.0
2021-05-04 00:00:00+00:00,376577399574.0,0.06100532,3253.62947001,62402045158.0
2021-05-05 00:00:00+00:00,407777080466.0,0.06134687,3522.78318978,48334198383.0
2021-05-06 00:00:00+00:00,404131394792.0,0.06189887,3490.88045894,44300394788.0
2021-05-07 00:00:00+00:00,403465702897.0,0.06075571,3484.72889546,39607240515.0
2021-05-08 00:00:00+00:00,451905650094.0,0.0663673,3902.64773368,50208491286.0
2021-05-09 00:00:00+00:00,454991994900.0,0.06746846,3928.84470583,50568290278.0
2021-05-10 00:00:00+00:00,457761219807.0,0.07075382,3952.29387234,62691789007.0
2021-05-11 00:00:00+00:00,482881900491.0,0.07351614,4168.70104865,52679737865.0
2021-05-12 00:00:00+00:00,438585075674.0,0.07702558,3785.84860304,69023382175.0
2021-05-13 00:00:00+00:00,430445282301.0,0.07472713,3715.14846639,78398214539.0
2021-05-14 00:00:00+00:00,472663570788.0,0.08177654,4079.05745857,48174271215.0
2021-05-15 00:00:00+00:00,421619090683.0,0.07780384,3638.12204192,42422321751.0
2021-05-16 00:00:00+00:00,415801534962.0,0.07722365,3587.50620646,47359478734.0
2021-05-17 00:00:00+00:00,380482843865.0,0.07539241,3282.39779583,54061732774.0
2021-05-18 00:00:00+00:00,391850295263.0,0.07877225,3380.0700925,40416525218.0
2021-05-19 00:00:00+00:00,285298709245.0,0.06650046,2460.67920048,84482912776.0
2021-05-20 00:00:00+00:00,322857390499.0,0.06827139,2784.29415835,67610826680.0
2021-05-21 00:00:00+00:00,281879243639.0,0.06515592,2430.62138539,53774070802.0
2021-05-22 00:00:00+00:00,266263966984.0,0.06115908,2295.70565666,42089937660.0
2021-05-23 00:00:00+00:00,244704904961.0,0.0606714,2109.57985208,56005721977.0
2021-05-24 00:00:00+00:00,306684156290.0,0.06829929,2643.5909947,53697121740.0
2021-05-25 00:00:00+00:00,314033309034.0,0.07048105,2706.62898111,49558333256.0
2021-05-26 00:00:00+00:00,335196485646.0,0.07351464,2888.69868104,42499766020.0
2021-05-27 00:00:00+00:00,317571010585.0,0.07119418,2736.48858585,33373635283.0
2021-05-28 00:00:00+00:00,280864129343.0,0.06778904,2419.90629016,39999114804.0
2021-05-29 00:00:00+00:00,264600384052.0,0.06585133,2279.51417661,33773720220.0
2021-05-30 00:00:00+00:00,277492990927.0,0.06699637,2390.305302,25876619428.0
2021-05-31 00:00:00+00:00,315217277483.0,0.07272268,2714.94534372,31007383150.0
2021-06-01 00:00:00+00:00,305798597367.0,0.07178748,2633.51841662,27363223090.0
2021-06-02 00:00:00+00:00,314266256163.0,0.07201895,2706.12497095,27723267359.0
2021-06-03 00:00:00+00:00,331608133101.0,0.07281858,2855.12653096,30038207402.0
2021-06-04 00:00:00+00:00,312256566095.0,0.07286186,2688.19499931,34173841611.0
2021-06-05 00:00:00+00:00,305598725249.0,0.07399246,2630.57680077,30496672724.0
2021-06-06 00:00:00+00:00,315453931558.0,0.07570866,2715.09266119,25311639414.0
2021-06-07 00:00:00+00:00,300985400826.0,0.07718143,2590.26330395,30600111277.0
2021-06-08 00:00:00+00:00,292557075207.0,0.07520886,2517.43862412,41909736778.0
2021-06-09 00:00:00+00:00,303147462062.0,0.06984224,2608.26698585,36075832186.0
2021-06-10 00:00:00+00:00,287286991033.0,0.06733906,2471.51867508,28753626390.0
2021-06-11 00:00:00+00:00,273631367135.0,0.06304558,2353.76868661,24832564195.0
2021-06-12 00:00:00+00:00,275838937026.0,0.06673183,2372.48445358,25724364410.0
2021-06-13 00:00:00+00:00,291673894434.0,0.06415675,2508.39163246,27092945370.0
2021-06-14 00:00:00+00:00,298989676442.0,0.06362315,2571.00728049,27615439564.0
2021-06-15 00:00:00+00:00,296184499573.0,0.06341848,2546.58802037,26070074364.0
2021-06-16 00:00:00+00:00,275405856979.0,0.06174302,2367.6634963,24101926180.0
2021-06-17 00:00:00+00:00,275942664677.0,0.06233334,2372.00202359,21871633186.0
2021-06-18 00:00:00+00:00,259654503060.0,0.06236113,2231.73314201,22752818388.0
2021-06-19 00:00:00+00:00,253490067194.0,0.06116653,2178.49913873,18765854896.0
2021-06-20 00:00:00+00:00,261416943134.0,0.06292638,2246.36453295,22535930423.0
2021-06-21 00:00:00+00:00,219790202020.0,0.05961631,1888.44749682,33745173825.0
2021-06-22 00:00:00+00:00,218244605870.0,0.05768072,1874.95002135,35547251725.0
2021-06-23 00:00:00+00:00,229176881900.0,0.05849718,1968.64475481,26134835890.0
2021-06-24 00:00:00+00:00,231509317649.0,0.05736632,1988.45627579,20272845769.0
2021-06-25 00:00:00+00:00,211131091602.0,0.05731177,1813.21723241,22774334998.0
2021-06-26 00:00:00+00:00,213021180909.0,0.05683289,1829.23921725,20637542361.0
2021-06-27 00:00:00+00:00,230473556118.0,0.05711154,1978.89466209,19885474742.0
2021-06-28 00:00:00+00:00,242239400958.0,0.06039488,2079.65743586,25514602841.0
2021-06-29 00:00:00+00:00,251715870101.0,0.0602426,2160.76835244,24815124419.0
2021-06-30 00:00:00+00:00,265001225921.0,0.0649113403449791,2274.5477126354212,25828056268.0
2021-07-01 00:00:00+00:00,246278235669.0,0.06295717015310395,2113.6055234503488,29061701793.0
2021-07-02 00:00:00+00:00,250552745326.0,0.06342854181988078,2150.0403640376267,31796212554.0
2021-07-03 00:00:00+00:00,259447545608.0,0.06421134961174552,2226.114281961143,17433361641.0
2021-07-04 00:00:00+00:00,270621669241.0,0.06579399800592721,2321.724111568429,18787107473.0
2021-07-05 00:00:00+00:00,256297846064.0,0.06515090096168935,2198.5824638731824,20103794829.0
2021-07-06 00:00:00+00:00,271028619181.0,0.06790320763004973,2324.6794491692203,20891861314.0
2021-07-07 00:00:00+00:00,269950094549.0,0.0683839793645282,2315.161975310713,22398345285.0
2021-07-08 00:00:00+00:00,247225603542.0,0.06448283951709798,2120.026342942432,23188123689.0
2021-07-09 00:00:00+00:00,250363856991.0,0.06351534632767084,2146.6923235102477,23029574602.0
2021-07-10 00:00:00+00:00,246276605890.0,0.06298838619302691,2111.403456180035,17581542471.0
2021-07-11 00:00:00+00:00,249601597225.0,0.062489867270362855,2139.6647416134206,14705386138.0
2021-07-12 00:00:00+00:00,237619933340.0,0.0614287109175618,2036.7210100568152,17768129077.0
2021-07-13 00:00:00+00:00,226371110382.0,0.05932610935150498,1940.0839659558546,16621628658.0
2021-07-14 00:00:00+00:00,232727182406.0,0.06076138406382259,1994.33133747244,17342819679.0
2021-07-15 00:00:00+00:00,223049018143.0,0.06013630061520563,1911.1756156804938,15688092552.0
2021-07-16 00:00:00+00:00,219480196483.0,0.059843759326762606,1880.3829849165693,14884569147.0
2021-07-17 00:00:00+00:00,221657905577.0,0.06021695197351473,1898.825213228328,13364282076.0
2021-07-18 00:00:00+00:00,221300983041.0,0.059614537702358285,1895.5521368013024,13791868728.0
2021-07-19 00:00:00+00:00,212189036787.0,0.05896899810664954,1817.2966565848058,14157735481.0
2021-07-20 00:00:00+00:00,208735078074.0,0.059968794723549795,1787.5107138379997,17368597636.0
2021-07-21 00:00:00+00:00,232520574470.0,0.06200336023984081,1990.9708819905563,21253359756.0
2021-07-22 00:00:00+00:00,236545322693.0,0.06267434532048002,2025.2027841761342,17495480331.0
2021-07-23 00:00:00+00:00,248204064165.0,0.06327214296420992,2124.7766710636106,16200392492.0
2021-07-24 00:00:00+00:00,255761140995.0,0.06383967923247619,2189.2187467436283,16057446601.0
2021-07-25 00:00:00+00:00,256042010286.0,0.061990442430300094,2191.373730482792,14566483636.0
2021-07-26 00:00:00+00:00,260978030148.0,0.05981559105067241,2233.366623515425,29614324233.0
2021-07-27 00:00:00+00:00,268599779831.0,0.05832306205296393,2298.333464309868,23067480378.0
2021-07-28 00:00:00+00:00,268421055914.0,0.05741951368781558,2296.54549893172,18991302378.0
2021-07-29 00:00:00+00:00,278318371381.0,0.05951139042881726,2380.9567534382913,16313373113.0
2021-07-30 00:00:00+00:00,288404129264.0,0.058409601497860696,2466.9615107112477,20212848934.0
2021-07-31 00:00:00+00:00,296532997873.0,0.06092822064441935,2536.2100347495343,18001710283.0
2021-08-01 00:00:00+00:00,299564961374.0,0.06408652447759733,2561.8521526559916,22697987055.0
2021-08-02 00:00:00+00:00,305247273085.0,0.06658224253129194,2610.153422272111,22162754104.0
2021-08-03 00:00:00+00:00,292673137937.0,0.06558726055040941,2502.349577098778,22696753413.0
2021-08-04 00:00:00+00:00,318705809705.0,0.06854819923312688,2724.619892907983,25038698173.0
2021-08-05 00:00:00+00:00,330757177808.0,0.0691793437087447,2827.3289460399023,31057928075.0
2021-08-06 00:00:00+00:00,338237757600.0,0.0675193394572748,2890.941728198745,26528577879.0
2021-08-07 00:00:00+00:00,369437242138.0,0.07086033073577358,3157.2387712768527,33081467129.0
2021-08-08 00:00:00+00:00,352685939542.0,0.06880964104424207,3013.7327558337656,28433638008.0
2021-08-09 00:00:00+00:00,370765447257.0,0.0683237107541793,3167.856223036028,31983260936.0
2021-08-10 00:00:00+00:00,367745684864.0,0.06891936052262292,3141.691170231542,27605221710.0
2021-08-11 00:00:00+00:00,370427827541.0,0.06940102453236285,3164.245045746491,26729035052.0
2021-08-12 00:00:00+00:00,356323695446.0,0.06850172368215647,3043.414340224314,25403699845.0
2021-08-13 00:00:00+00:00,389010223400.0,0.06951205050311604,3322.21175551191,23868866254.0
2021-08-14 00:00:00+00:00,382406961576.0,0.0693345037822952,3265.4433571351296,19860862133.0
2021-08-15 00:00:00+00:00,387728432650.0,0.0703658862785205,3310.5041713437868,22166205051.0
2021-08-16 00:00:00+00:00,369734989544.0,0.0686130817571506,3156.5094272806655,23080039949.0
2021-08-17 00:00:00+00:00,353182540849.0,0.06745322555880906,3014.8460389204124,25509056745.0
2021-08-18 00:00:00+00:00,353837223420.0,0.06741093275664611,3020.089920029215,21539248425.0
2021-08-19 00:00:00+00:00,372932559773.0,0.068126437860693,3182.702225387158,19546290360.0
2021-08-20 00:00:00+00:00,385190199131.0,0.06661917749903078,3286.9353260567027,20885619828.0
2021-08-21 00:00:00+00:00,378102594336.0,0.0659656798923424,3226.083936944288,18113977628.0
2021-08-22 00:00:00+00:00,380025418317.0,0.06573412062253266,3242.1155565868835,15983278460.0
2021-08-23 00:00:00+00:00,389112198985.0,0.06699324624343424,3319.2572737679807,20511110509.0
2021-08-24 00:00:00+00:00,371945926397.0,0.06649998965052166,3172.456390172997,20131028906.0
2021-08-25 00:00:00+00:00,378139623273.0,0.06586730640020505,3224.9151773837857,18902728235.0
2021-08-26 00:00:00+00:00,363573005236.0,0.06604556785929071,3100.3254356676075,17405668117.0
2021-08-27 00:00:00+00:00,383584756115.0,0.06666713242497613,3270.600831500573,18489602004.0
2021-08-28 00:00:00+00:00,380556000846.0,0.06634445579174357,3244.4032612889796,13709633698.0
2021-08-29 00:00:00+00:00,378558550046.0,0.06608670565328084,3227.0027741350195,13296586731.0
2021-08-30 00:00:00+00:00,378362208374.0,0.06853593113755904,3224.9571974905884,19294369258.0
2021-08-31 00:00:00+00:00,402902770210.0,0.07279995545050906,3433.732781177109,27280502987.0
2021-09-01 00:00:00+00:00,450017458312.0,0.07850688318562962,3834.8280054911584,30070890104.0
2021-09-02 00:00:00+00:00,444924932307.0,0.0768531333479407,3790.9900876090906,24387397330.0
2021-09-03 00:00:00+00:00,462538485147.0,0.07877231840494431,3940.6147367477706,26207765094.0
2021-09-04 00:00:00+00:00,456394981337.0,0.0778427777158222,3887.8284903181648,20806963328.0
2021-09-05 00:00:00+00:00,463997267858.0,0.07636469461147367,3952.1334968467886,18371468576.0
2021-09-06 00:00:00+00:00,461261434464.0,0.07463643375019632,3928.3794378049965,18674691198.0
2021-09-07 00:00:00+00:00,402365928843.0,0.07319614700318179,3426.394318425122,39131346397.0
2021-09-08 00:00:00+00:00,410741599782.0,0.07587784131208163,3497.315123304366,31738430771.0
2021-09-09 00:00:00+00:00,402569602098.0,0.07387874667622009,3427.340185941572,24118055831.0
2021-09-10 00:00:00+00:00,377261165406.0,0.07155138294422264,3211.5058401142596,22355974097.0
2021-09-11 00:00:00+00:00,384209314701.0,0.07234895063949723,3270.278124811608,18627122934.0
2021-09-12 00:00:00+00:00,400686506367.0,0.07403153458968736,3410.134592755085,16810411424.0
2021-09-13 00:00:00+00:00,386087569776.0,0.07307133551778142,3285.511766263861,22721552948.0
2021-09-14 00:00:00+00:00,403015177032.0,0.0728177541146715,3429.169636597516,19125420848.0
2021-09-15 00:00:00+00:00,424937147897.0,0.07504268976535303,3615.282616378894,17548551804.0
2021-09-16 00:00:00+00:00,419815044704.0,0.07473930462581306,3571.2949350055046,20093903064.0
2021-09-17 00:00:00+00:00,399552923890.0,0.07190008648989517,3398.538777821521,17722363229.0
2021-09-18 00:00:00+00:00,403535591621.0,0.07108812280959496,3432.018234624032,15995220233.0
2021-09-19 00:00:00+00:00,391520172702.0,0.0704492717743283,3329.447894898392,14257609743.0
2021-09-20 00:00:00+00:00,347997332693.0,0.06906467998043303,2958.993504728316,27371684581.0
2021-09-21 00:00:00+00:00,325153006769.0,0.06793269425738414,2764.431130864969,30405062665.0
2021-09-22 00:00:00+00:00,362060838609.0,0.0706345985437446,3077.867980527073,23742102645.0
2021-09-23 00:00:00+00:00,371237859101.0,0.07028660082559549,3155.5237338611523,18516291047.0
2021-09-24 00:00:00+00:00,344941570042.0,0.06843338489741663,2931.669216719692,25595422789.0
2021-09-25 00:00:00+00:00,344263323578.0,0.06848780282268888,2925.565608690162,18932786754.0
2021-09-26 00:00:00+00:00,360390447457.0,0.07087176329648892,3062.2653558037177,21172766310.0
2021-09-27 00:00:00+00:00,345350983222.0,0.06947053288794222,2934.1387982985507,19164053681.0
2021-09-28 00:00:00+00:00,330459005352.0,0.06841301061517589,2807.2967397712478,16895079070.0
2021-09-29 00:00:00+00:00,335894451616.0,0.06864398089932051,2853.1433729158744,15763456158.0
2021-09-30 00:00:00+00:00,353421264860.0,0.06854573328232975,3001.679051738826,17661065099.0
2021-10-01 00:00:00+00:00,389475327627.0,0.06873911753675628,3307.5160778952013,22307625573.0
2021-10-02 00:00:00+00:00,399433404741.0,0.07108758494763431,3391.694346949812,19202671704.0
2021-10-03 00:00:00+00:00,402619122254.0,0.07092037541896933,3418.3586596174073,15516566862.0
2021-10-04 00:00:00+00:00,398156802049.0,0.06882283701678034,3380.089200379371,17747154101.0
2021-10-05 00:00:00+00:00,414510299768.0,0.06830110098523952,3518.518517366793,16632591670.0
2021-10-06 00:00:00+00:00,421867592042.0,0.06467608933669083,3580.562049118014,21855226591.0
2021-10-07 00:00:00+00:00,422788897812.0,0.06668356237976002,3587.974768107968,19090322927.0
2021-10-08 00:00:00+00:00,419983193014.0,0.06603486025085906,3563.7592193153064,16222029488.0
2021-10-09 00:00:00+00:00,421440173778.0,0.06505061598517899,3575.7168601111002,12707036942.0
2021-10-10 00:00:00+00:00,403822590446.0,0.06254800215474114,3425.8528528103116,16171746693.0
2021-10-11 00:00:00+00:00,417956526087.0,0.0616746466192942,3545.354076250341,18579189588.0
2021-10-12 00:00:00+00:00,411781081166.0,0.06232168822022379,3492.5732717932847,18109578443.0
2021-10-13 00:00:00+00:00,425218703480.0,0.06282461025270109,3606.2015802321803,16211275589.0
2021-10-14 00:00:00+00:00,446474897131.0,0.06604873250416929,3786.0140899272646,19443499909.0
2021-10-15 00:00:00+00:00,455566504000.0,0.06271126890936421,3862.634765441386,20966841512.0
2021-10-16 00:00:00+00:00,451814143160.0,0.06290433526215058,3830.382149137101,16578095629.0
2021-10-17 00:00:00+00:00,453838694184.0,0.0625000570061174,3847.104595476458,15908090346.0
2021-10-18 00:00:00+00:00,442286890171.0,0.06043845220791644,3748.7601406390168,17386204158.0
2021-10-19 00:00:00+00:00,457545764474.0,0.06034128265468553,3877.6509745210305,15998757133.0
2021-10-20 00:00:00+00:00,490444280909.0,0.06297641376786198,4155.992210901629,20338319988.0
2021-10-21 00:00:00+00:00,478500948880.0,0.06517137760822189,4054.3226805850322,28220661820.0
2021-10-22 00:00:00+00:00,468623912328.0,0.06541495759320204,3970.181904126345,19432937968.0
2021-10-23 00:00:00+00:00,492462196227.0,0.06794946645128926,4171.663531678276,14781537792.0
2021-10-24 00:00:00+00:00,482628847456.0,0.0670908729261548,4087.903005026591,14978083638.0
2021-10-25 00:00:00+00:00,498030801217.0,0.06690813135695685,4217.8769262219475,15995727040.0
2021-10-26 00:00:00+00:00,487840182030.0,0.06843675426038526,4131.102002775296,17157714562.0
2021-10-27 00:00:00+00:00,464175061361.0,0.06720411705958916,3930.2572450471234,26219530404.0
2021-10-28 00:00:00+00:00,506402198179.0,0.07072199801401675,4287.318631928624,25958154575.0
2021-10-29 00:00:00+00:00,521512615610.0,0.07094473860853802,4414.7466822498345,22967641914.0
2021-10-30 00:00:00+00:00,511045675623.0,0.06989387714717919,4325.650366005572,14615490626.0
2021-10-31 00:00:00+00:00,506663636947.0,0.06993064801906293,4288.074452472309,17498160238.0
2021-11-01 00:00:00+00:00,511040780623.0,0.0708903984817432,4324.626793776302,17985288261.0
2021-11-02 00:00:00+00:00,541846540463.0,0.07251399081399557,4584.798668356236,20794448222.0
2021-11-03 00:00:00+00:00,544555114009.0,0.07316484257758192,4607.193607027514,21220463155.0
2021-11-04 00:00:00+00:00,536356841434.0,0.07383497780174496,4537.324081282544,18415244464.0
2021-11-05 00:00:00+00:00,530378899238.0,0.07339376553091242,4486.243405210834,15086003586.0
2021-11-06 00:00:00+00:00,534616843813.0,0.07348880453109527,4521.581082805599,14429076700.0
2021-11-07 00:00:00+00:00,546381671971.0,0.07296343271424773,4620.5545029476225,13541376033.0
2021-11-08 00:00:00+00:00,569094330697.0,0.07121967402164928,4812.0876135348,19290896267.0
2021-11-09 00:00:00+00:00,560049280556.0,0.07070239665729348,4735.06875501077,20834172627.0
2021-11-10 00:00:00+00:00,548414296327.0,0.07133099240163616,4636.174213813707,22748160545.0
2021-11-11 00:00:00+00:00,559621726330.0,0.07283120573206653,4730.384038503774,17933201129.0
2021-11-12 00:00:00+00:00,552199380998.0,0.07274642540682096,4667.115437208397,18316060208.0
2021-11-13 00:00:00+00:00,550649779810.0,0.07213259777483909,4653.499248911994,14460776973.0
2021-11-14 00:00:00+00:00,547499259423.0,0.07066721188347605,4626.359125987281,12172962219.0
2021-11-15 00:00:00+00:00,539410730883.0,0.07170636274585512,4557.503790450761,16275851298.0
2021-11-16 00:00:00+00:00,499090512787.0,0.07008440550352937,4216.365232950796,27417502801.0
2021-11-17 00:00:00+00:00,507579384616.0,0.07102426941780654,4287.593935491242,22183461850.0
2021-11-18 00:00:00+00:00,473663292938.0,0.07025818012852621,4000.650865138054,21383250893.0
2021-11-19 00:00:00+00:00,508960524908.0,0.07395626226203736,4298.306619546578,20626269711.0
2021-11-20 00:00:00+00:00,522236291601.0,0.07387165791287703,4409.930925059553,15448261277.0
2021-11-21 00:00:00+00:00,505690293990.0,0.07270046623420037,4269.733033786718,14094831413.0
2021-11-22 00:00:00+00:00,484275218142.0,0.07263296465491559,4088.457816555594,19752218877.0
2021-11-23 00:00:00+00:00,514217959090.0,0.07540096374381586,4340.763727469722,22133497059.0
2021-11-24 00:00:00+00:00,506607011836.0,0.0747475490207315,4276.035727758975,18729362911.0
2021-11-25 00:00:00+00:00,535507272372.0,0.07669482092185988,4519.464023606058,19302098275.0
2021-11-26 00:00:00+00:00,477672051593.0,0.07524597296221348,4030.909010759338,26281795488.0
2021-11-27 00:00:00+00:00,485548014481.0,0.07474060313237905,4096.912087999504,16515693874.0
2021-11-28 00:00:00+00:00,509016708179.0,0.07501431161750884,4294.453696226046,15953126340.0
2021-11-29 00:00:00+00:00,526931291117.0,0.07689619534376639,4445.105007840686,19086475837.0
2021-11-30 00:00:00+00:00,549085770691.0,0.08124628062781493,4631.478795336078,28626354111.0
2021-12-01 00:00:00+00:00,543871223795.0,0.0801503366260166,4586.990131490521,27634826695.0
2021-12-02 00:00:00+00:00,534956208694.0,0.0798774224840666,4511.302487650801,21502671027.0
2021-12-03 00:00:00+00:00,500552313217.0,0.07874708980819276,4220.7059283582,25879591528.0
2021-12-04 00:00:00+00:00,488613645062.0,0.08373025106017763,4119.587349955657,38478999182.0
2021-12-05 00:00:00+00:00,498007875686.0,0.08503992131114917,4198.32287254029,25533062707.0
2021-12-06 00:00:00+00:00,517093472536.0,0.08617064674844463,4358.737544663119,28229518513.0
2021-12-07 00:00:00+00:00,511968714781.0,0.08510955355754916,4315.061543208152,22366213354.0
2021-12-08 00:00:00+00:00,526774233712.0,0.08789972628698045,4439.357704032381,18704315119.0
2021-12-09 00:00:00+00:00,488911369093.0,0.08641981081357461,4119.81579811935,22296131874.0
2021-12-10 00:00:00+00:00,463886245130.0,0.08273121729813111,3908.4961885008524,28014595631.0
2021-12-11 00:00:00+00:00,484824810240.0,0.08274401901808079,4084.4523285721334,19131502454.0
2021-12-12 00:00:00+00:00,490816832310.0,0.08252676102356514,4134.45333147928,14057603914.0
2021-12-13 00:00:00+00:00,449291443953.0,0.08096770742021131,3784.226787869269,23999841386.0
2021-12-14 00:00:00+00:00,458301106593.0,0.07977265856450272,3859.7098495153828,21416651120.0
2021-12-15 00:00:00+00:00,477201243362.0,0.08218114701215645,4018.388602869822,26411188833.0
2021-12-16 00:00:00+00:00,470613962761.0,0.0831308972696085,3962.46963859269,19825531254.0
2021-12-17 00:00:00+00:00,460810766341.0,0.08396767753256339,3879.4866765734732,23143541098.0
2021-12-18 00:00:00+00:00,470530555466.0,0.08454564429252935,3960.8600159608195,19530895889.0
2021-12-19 00:00:00+00:00,466037604379.0,0.0839829446325318,3922.5926443658986,16167785597.0
2021-12-20 00:00:00+00:00,467428565001.0,0.08391256662049751,3933.8445317309197,21589690675.0
2021-12-21 00:00:00+00:00,477751386115.0,0.08215239466892485,4020.26003953055,16388555198.0
2021-12-22 00:00:00+00:00,473270048864.0,0.0818881667726003,3982.0995306524196,13921756199.0
2021-12-23 00:00:00+00:00,488291028084.0,0.08089106763147515,4108.015512459437,18007273742.0
2021-12-24 00:00:00+00:00,481210199545.0,0.07964990035347369,4047.982888819954,12769090623.0
2021-12-25 00:00:00+00:00,486650526450.0,0.08116780593766666,4093.280911135583,10894785525.0
2021-12-26 00:00:00+00:00,483620188465.0,0.08005051997869288,4067.328096647009,11197244172.0
2021-12-27 00:00:00+00:00,480134213401.0,0.07972974528191362,4037.547692242496,11424360002.0
2021-12-28 00:00:00+00:00,452043198574.0,0.07986939595656331,3800.893085340275,17299472803.0
2021-12-29 00:00:00+00:00,431593692098.0,0.07812583246835186,3628.5316708250143,15722555672.0
2021-12-30 00:00:00+00:00,441792512827.0,0.07871979007589755,3713.8521625698563,12925377999.0
2021-12-31 00:00:00+00:00,438128003491.0,0.07952743546082941,3682.632905443364,14157285268.0
2022-01-01 00:00:00+00:00,448537615143.0,0.07905114216502776,3769.696916008926,9776191466.0
2022-01-02 00:00:00+00:00,455713570381.0,0.08088599015691178,3829.5650445369884,9881471548.0
2022-01-03 00:00:00+00:00,447650792404.0,0.08096282243634753,3761.3802740697897,12080777893.0
2022-01-04 00:00:00+00:00,451809695250.0,0.08265301264019016,3795.8901300940515,14015430353.0
2022-01-05 00:00:00+00:00,422636379036.0,0.08148882482369596,3550.3868815396604,18061338502.0
2022-01-06 00:00:00+00:00,406971721364.0,0.0792014530806315,3418.408247141871,24293791313.0
2022-01-07 00:00:00+00:00,380204321962.0,0.07683762639784836,3193.210483285389,24494179209.0
2022-01-08 00:00:00+00:00,368192421487.0,0.07408771743759698,3091.972583867502,16037732700.0
2022-01-09 00:00:00+00:00,376068612894.0,0.07534313576205644,3157.751484557352,12334683863.0
2022-01-10 00:00:00+00:00,367219283311.0,0.0737208232760367,3083.0979490510763,19535744145.0
2022-01-11 00:00:00+00:00,385726806148.0,0.07577037398869421,3238.111649361378,15211447193.0
2022-01-12 00:00:00+00:00,401752380546.0,0.07673099729348778,3372.2583258486825,16662871689.0
2022-01-13 00:00:00+00:00,387027270412.0,0.07626599121823982,3248.2884758019914,15294466275.0
2022-01-14 00:00:00+00:00,394425210962.0,0.0767987117285901,3310.001422704657,13562957230.0
2022-01-15 00:00:00+00:00,396916629873.0,0.07713598070192938,3330.53084555918,9619999078.0
2022-01-16 00:00:00+00:00,399392136112.0,0.07771493657638723,3350.9219689818883,9505934874.0
2022-01-17 00:00:00+00:00,382914238639.0,0.07602989652762743,3212.304897082855,12344309617.0
2022-01-18 00:00:00+00:00,377202294416.0,0.07466614752981394,3164.025253529788,13024154091.0
2022-01-19 00:00:00+00:00,369113617589.0,0.07416158912723843,3095.8258381686364,13187424144.0
2022-01-20 00:00:00+00:00,357862901302.0,0.07373830512864817,3001.1200383968926,10645922764.0
2022-01-21 00:00:00+00:00,305050189407.0,0.07016236400587991,2557.9316232199067,26796291874.0
2022-01-22 00:00:00+00:00,286783232372.0,0.06863231989798822,2404.481618186442,27391121719.0
2022-01-23 00:00:00+00:00,302389263381.0,0.06988043937216046,2535.039051060624,16481489511.0
2022-01-24 00:00:00+00:00,291127719901.0,0.06657746520948808,2440.35232593751,28220804648.0
2022-01-25 00:00:00+00:00,293019902304.0,0.06645924198393463,2455.9349620984835,16179776932.0
2022-01-26 00:00:00+00:00,294496473175.0,0.06697118385727106,2468.0302778127093,21229909340.0
2022-01-27 00:00:00+00:00,289156264094.0,0.06524276956204969,2423.001263417166,16126522783.0
2022-01-28 00:00:00+00:00,303999533601.0,0.06741132521362352,2547.091977643919,14666227351.0
2022-01-29 00:00:00+00:00,309931691790.0,0.06808264218181691,2596.499907339841,11172235254.0
2022-01-30 00:00:00+00:00,310798780839.0,0.06866115984039328,2603.4665820569303,9501221177.0
2022-01-31 00:00:00+00:00,320959888865.0,0.06985604288473593,2688.278921799287,13778234614.0
2022-02-01 00:00:00+00:00,333395296200.0,0.07206715022271044,2792.1172443761916,13194846235.0
2022-02-02 00:00:00+00:00,320384932826.0,0.07260182060783589,2682.8539830122654,13876301217.0
2022-02-03 00:00:00+00:00,319980125796.0,0.07210850043775079,2679.162508002725,12755505065.0
2022-02-04 00:00:00+00:00,356379709501.0,0.07189214607497746,2983.586995224568,18987223729.0
2022-02-05 00:00:00+00:00,360130344738.0,0.07274526000359044,3014.648309726498,13102093957.0
2022-02-06 00:00:00+00:00,365288302067.0,0.07208914506893206,3057.4761243595913,9466018022.0
2022-02-07 00:00:00+00:00,376172889870.0,0.07171172364820198,3148.2228557948206,15228062538.0
2022-02-08 00:00:00+00:00,373154427925.0,0.07077784539795656,3122.6085685691114,17136080906.0
2022-02-09 00:00:00+00:00,387161915316.0,0.07306145584808374,3239.4571147106153,13951308490.0
2022-02-10 00:00:00+00:00,367845386121.0,0.07064098049006881,3077.48223904957,18629485080.0
2022-02-11 00:00:00+00:00,349944259218.0,0.06902914348482811,2927.383632819214,16043881065.0
2022-02-12 00:00:00+00:00,348785733007.0,0.0690590432917326,2917.3626816608376,11254355757.0
2022-02-13 00:00:00+00:00,344772260795.0,0.06833254196595646,2883.4634878656907,9054963563.0
2022-02-14 00:00:00+00:00,350792159064.0,0.06888216046452178,2933.4790355069563,12164552172.0
2022-02-15 00:00:00+00:00,380300250254.0,0.07133735436129747,3179.877075974727,13921257873.0
2022-02-16 00:00:00+00:00,374117832127.0,0.07114872209884296,3127.830116565106,12352406833.0
2022-02-17 00:00:00+00:00,344691405366.0,0.07108098884709865,2881.4820381632894,15860206214.0
2022-02-18 00:00:00+00:00,333274482393.0,0.06958929801926185,2785.727490966771,15748173433.0
2022-02-19 00:00:00+00:00,330676602382.0,0.06888217320653237,2763.701213990071,9774183169.0
2022-02-20 00:00:00+00:00,314553542349.0,0.06839849809613761,2628.648542862557,11641437834.0
2022-02-21 00:00:00+00:00,308026942925.0,0.06942135759526008,2573.8162259348583,18646392740.0
2022-02-22 00:00:00+00:00,315899223813.0,0.06893635783054568,2639.299263246235,16360200507.0
2022-02-23 00:00:00+00:00,310077026340.0,0.06945302160312981,2590.359620865683,13382637240.0
2022-02-24 00:00:00+00:00,311035019270.0,0.06777694426706243,2598.0671601064273,29312342666.0
2022-02-25 00:00:00+00:00,331001574996.0,0.07049829403852043,2764.535656115659,17208902048.0
2022-02-26 00:00:00+00:00,333024181663.0,0.07111881834707225,2781.1119039296113,11724648351.0
2022-02-27 00:00:00+00:00,313983181396.0,0.06952577111359752,2621.801793984436,16150857254.0
2022-02-28 00:00:00+00:00,349638704204.0,0.06758468760231245,2919.20122865545,19266124733.0
2022-03-01 00:00:00+00:00,356060928142.0,0.06701633094746927,2972.4850662483527,18757425786.0
2022-03-02 00:00:00+00:00,353421574640.0,0.0671639805162589,2950.118500639465,16636517503.0
2022-03-03 00:00:00+00:00,339605220817.0,0.06676913111959294,2834.4691051703207,13091199728.0
2022-03-04 00:00:00+00:00,313604105839.0,0.06687062529518079,2617.156027878714,14496939024.0
2022-03-05 00:00:00+00:00,319352820653.0,0.06763430626071515,2664.8311744432795,8072368396.0
2022-03-06 00:00:00+00:00,306229430306.0,0.06650282524983267,2555.0374406482138,8872976607.0
2022-03-07 00:00:00+00:00,299399838914.0,0.0656236845662664,2497.7713203996627,14594098731.0
2022-03-08 00:00:00+00:00,308901634237.0,0.06651856756518344,2576.7476117080832,13922922903.0
2022-03-09 00:00:00+00:00,327284646384.0,0.06502127748534005,2729.7835041625153,14173665398.0
2022-03-10 00:00:00+00:00,312725132203.0,0.06613124964323755,2608.0484975849813,13292477213.0
2022-03-11 00:00:00+00:00,306945646022.0,0.06597666752375522,2559.563044284457,12382419582.0
2022-03-12 00:00:00+00:00,308802688253.0,0.06618222595244819,2574.754205165515,6532996574.0
2022-03-13 00:00:00+00:00,302142844336.0,0.06655130970415918,2518.944631169332,8632000379.0
2022-03-14 00:00:00+00:00,310784628715.0,0.06531151835914137,2590.6960509187375,11244398839.0
2022-03-15 00:00:00+00:00,314353415766.0,0.06660474114677445,2620.149624725306,12861105614.0
2022-03-16 00:00:00+00:00,332615747238.0,0.0673745981572012,2772.0556183272115,17915109769.0
2022-03-17 00:00:00+00:00,337789077518.0,0.06873649783633899,2814.854434207781,12685265194.0
2022-03-18 00:00:00+00:00,353488093017.0,0.07046080570609324,2945.343025239628,15830879093.0
2022-03-19 00:00:00+00:00,353637851553.0,0.06983198640707072,2946.2571390433504,11576463120.0
2022-03-20 00:00:00+00:00,343377833604.0,0.06934812290540564,2860.4591299715325,12684727326.0
2022-03-21 00:00:00+00:00,347920723063.0,0.0705481479652182,2897.9766804407122,15206116098.0
2022-03-22 00:00:00+00:00,357078494768.0,0.07017167335729994,2973.9226356320664,16827484583.0
2022-03-23 00:00:00+00:00,363981070562.0,0.07066584359319068,3031.0670246895493,16008767658.0
2022-03-24 00:00:00+00:00,373268685628.0,0.07070054462804115,3108.061909624908,18070503166.0
2022-03-25 00:00:00+00:00,373143966537.0,0.07005096236450266,3106.671279528012,17030503831.0
2022-03-26 00:00:00+00:00,377571096915.0,0.0706319225430232,3143.1790657448714,8876420740.0
2022-03-27 00:00:00+00:00,395441924036.0,0.07030206950949877,3291.5775859524606,13431866834.0
2022-03-28 00:00:00+00:00,400900140647.0,0.0707994017734637,3336.6345722640262,20620450770.0
2022-03-29 00:00:00+00:00,408798491703.0,0.07167250448031645,3401.98773803848,19533323636.0
2022-03-30 00:00:00+00:00,406821918325.0,0.0719287349549445,3385.1578971364734,15302506131.0
2022-03-31 00:00:00+00:00,394425928251.0,0.07206276290708011,3281.642878156622,17685495686.0
2022-04-01 00:00:00+00:00,414654032151.0,0.07453391525329559,3449.5521302966567,20982988937.0
2022-04-02 00:00:00+00:00,414159902497.0,0.07510656848162303,3445.0593709592176,23571556215.0
2022-04-03 00:00:00+00:00,423557081705.0,0.07583558426651123,3522.8334004960834,15333808649.0
2022-04-04 00:00:00+00:00,423413008036.0,0.07552636524902409,3521.241136658852,18209969743.0
2022-04-05 00:00:00+00:00,410298423739.0,0.07489228647949224,3411.7925088849843,16681503199.0
2022-04-06 00:00:00+00:00,381466903809.0,0.0734073475694456,3171.6920096724593,25632563639.0
2022-04-07 00:00:00+00:00,388917301310.0,0.07432157772547299,3233.2747071582644,16745496605.0
2022-04-08 00:00:00+00:00,384004266017.0,0.07548475793186601,3192.074043683426,17557050669.0
2022-04-09 00:00:00+00:00,392423158671.0,0.0762571954234764,3261.692950871942,9882001022.0
2022-04-10 00:00:00+00:00,386471827351.0,0.07609675706692841,3211.8668836881106,10427054790.0
2022-04-11 00:00:00+00:00,358739023179.0,0.07542785681783411,2981.05231442881,21891804830.0
2022-04-12 00:00:00+00:00,364715602736.0,0.07551929386875177,3030.376455996646,20235707410.0
2022-04-13 00:00:00+00:00,375344730159.0,0.07574913393512091,3118.344281717038,16088473629.0
2022-04-14 00:00:00+00:00,363537133351.0,0.07561964228170738,3019.909509815571,15821419931.0
2022-04-15 00:00:00+00:00,366106878801.0,0.07498537286477237,3040.9165644004042,11256651536.0
2022-04-16 00:00:00+00:00,368723505202.0,0.07575385340080942,3062.310381205821,8766710365.0
2022-04-17 00:00:00+00:00,360466921074.0,0.07536839973264049,2993.403282255771,10463091281.0
2022-04-18 00:00:00+00:00,368239502264.0,0.07488962648687424,3057.606716236349,18629381299.0
2022-04-19 00:00:00+00:00,373881545796.0,0.07479279058736023,3104.1065209192093,14156035096.0
2022-04-20 00:00:00+00:00,370747899753.0,0.07438772417112893,3077.745833383068,15547362265.0
2022-04-21 00:00:00+00:00,359913941107.0,0.07371514922698419,2987.480691194362,20783591093.0
2022-04-22 00:00:00+00:00,357225521174.0,0.07460522772651816,2964.835612623172,16782795477.0
2022-04-23 00:00:00+00:00,354042065766.0,0.07440763236984227,2938.1139934399293,9116955609.0
2022-04-24 00:00:00+00:00,352230955094.0,0.07405079695843443,2922.732643195906,9696829579.0
2022-04-25 00:00:00+00:00,362714896494.0,0.07438258352040937,3009.393545650332,22332690614.0
2022-04-26 00:00:00+00:00,338514769949.0,0.0736748499793622,2808.2983318586957,19052045399.0
2022-04-27 00:00:00+00:00,348272874148.0,0.07361995688410304,2888.9297649950013,17419284041.0
2022-04-28 00:00:00+00:00,354099998307.0,0.07384104414107727,2936.9410161490628,18443524633.0
2022-04-29 00:00:00+00:00,339508249529.0,0.07292449600878256,2815.6018973623695,18771041399.0
2022-04-30 00:00:00+00:00,329245687215.0,0.07239018510624415,2730.1868219831517,13520941867.0
2022-05-01 00:00:00+00:00,341049885442.0,0.0735072198848151,2827.7561442637902,15332730152.0
2022-05-02 00:00:00+00:00,344664213659.0,0.07416196133118223,2857.4105184866185,18609741545.0
2022-05-03 00:00:00+00:00,335783385600.0,0.07373358251290187,2783.476208663237,13026093219.0
2022-05-04 00:00:00+00:00,354781969604.0,0.07407469829996698,2940.644826652642,18186749944.0
2022-05-05 00:00:00+00:00,331722438860.0,0.07516616154854351,2749.213042207694,22642925048.0
2022-05-06 00:00:00+00:00,325214199379.0,0.07477554702606115,2694.9796840564363,21027599270.0
2022-05-07 00:00:00+00:00,318142976736.0,0.07425205235907381,2636.0929579647172,13369276367.0
2022-05-08 00:00:00+00:00,303859041427.0,0.07391410359734471,2517.4599862672917,20802269935.0
2022-05-09 00:00:00+00:00,271054331837.0,0.07411407021640119,2245.430531634567,36333567678.0
2022-05-10 00:00:00+00:00,282924938115.0,0.07554130915053972,2343.5108884928645,38202099639.0
2022-05-11 00:00:00+00:00,250186937448.0,0.07160918080661392,2072.1086793072855,45743399154.0
2022-05-12 00:00:00+00:00,236882074239.0,0.06753368212812057,1961.701582831061,42463486402.0
2022-05-13 00:00:00+00:00,243274721467.0,0.0687911447800295,2014.4182339084884,24816096567.0
2022-05-14 00:00:00+00:00,248356265278.0,0.06831187379930626,2056.273914657406,15457044616.0
2022-05-15 00:00:00+00:00,259186464087.0,0.06854173295164855,2145.7066657035143,14846088335.0
2022-05-16 00:00:00+00:00,244357879748.0,0.06773369962373389,2022.7259340437865,21459552191.0
2022-05-17 00:00:00+00:00,252562157297.0,0.06870502372159895,2090.409245952252,18509929297.0
2022-05-18 00:00:00+00:00,231594842726.0,0.0667353062057511,1916.6561061742868,17740965589.0
2022-05-19 00:00:00+00:00,243906956357.0,0.0665802556365646,2018.3361706563676,18734247914.0
2022-05-20 00:00:00+00:00,237041503833.0,0.0671666418068723,1961.3156499717184,15892482289.0
2022-05-21 00:00:00+00:00,238662541735.0,0.06708695322526208,1974.5183665274,8546822406.0
2022-05-22 00:00:00+00:00,246986847793.0,0.06737860651197843,2043.1701255600208,10941123403.0
2022-05-23 00:00:00+00:00,238561349770.0,0.06777257834466133,1973.2599083055939,16426405228.0
2022-05-24 00:00:00+00:00,239278614834.0,0.06673220840749053,1978.982754262968,13057109007.0
2022-05-25 00:00:00+00:00,235174141324.0,0.06578729714624773,1944.8278449212269,13364545730.0
2022-05-26 00:00:00+00:00,218157454743.0,0.06163595327722413,1803.9132923899772,23458681818.0
2022-05-27 00:00:00+00:00,208627071823.0,0.06025389411996274,1724.9228641135264,25470760032.0
2022-05-28 00:00:00+00:00,216813374963.0,0.06175743430676339,1792.416155938061,12897702711.0
2022-05-29 00:00:00+00:00,219209358147.0,0.06153751160191407,1812.0309589114972,10642556101.0
2022-05-30 00:00:00+00:00,241543951897.0,0.06292683287648378,1996.44128446348,19580808705.0
2022-05-31 00:00:00+00:00,235021820715.0,0.061094270964309985,1942.3279982557945,18363115560.0
